<?xml version="1.0" encoding="ISO-8859-1"?>
<Tabela>
<Linha>
  <CO_MUNICIP>110001</CO_MUNICIP>
  <CO_DSEI>027</CO_DSEI>
</Linha>
<Linha>
  <CO_MUNICIP>110004</CO_MUNICIP>
  <CO_DSEI>032</CO_DSEI>
</Linha>
<Linha>
  <CO_MUNICIP>110010</CO_MUNICIP>
  <CO_DSEI>027</CO_DSEI>
</Linha>
<Linha>
  <CO_MUNICIP>110012</CO_MUNICIP>
  <CO_DSEI>027</CO_DSEI>
</Linha>
<Linha>
  <CO_MUNICIP>110020</CO_MUNICIP>
  <CO_DSEI>027</CO_DSEI>
</Linha>
<Linha>
  <CO_MUNICIP>110030</CO_MUNICIP>
  <CO_DSEI>032</CO_DSEI>
</Linha>
<Linha>
  <CO_MUNICIP>120005</CO_MUNICIP>
  <CO_DSEI>005</CO_DSEI>
</Linha>
<Linha>
  <CO_MUNICIP>120020</CO_MUNICIP>
  <CO_DSEI>003</CO_DSEI>
</Linha>
<Linha>
  <CO_MUNICIP>120030</CO_MUNICIP>
  <CO_DSEI>003</CO_DSEI>
</Linha>
<Linha>
  <CO_MUNICIP>120032</CO_MUNICIP>
  <CO_DSEI>003</CO_DSEI>
</Linha>
<Linha>
  <CO_MUNICIP>120033</CO_MUNICIP>
  <CO_DSEI>003</CO_DSEI>
</Linha>
<Linha>
  <CO_MUNICIP>120034</CO_MUNICIP>
  <CO_DSEI>005</CO_DSEI>
</Linha>
<Linha>
  <CO_MUNICIP>120035</CO_MUNICIP>
  <CO_DSEI>003</CO_DSEI>
</Linha>
<Linha>
  <CO_MUNICIP>120039</CO_MUNICIP>
  <CO_DSEI>003</CO_DSEI>
</Linha>
<Linha>
  <CO_MUNICIP>120043</CO_MUNICIP>
  <CO_DSEI>005</CO_DSEI>
</Linha>
<Linha>
  <CO_MUNICIP>120050</CO_MUNICIP>
  <CO_DSEI>005</CO_DSEI>
</Linha>
<Linha>
  <CO_MUNICIP>120060</CO_MUNICIP>
  <CO_DSEI>003</CO_DSEI>
</Linha>
<Linha>
  <CO_MUNICIP>130002</CO_MUNICIP>
  <CO_DSEI>022</CO_DSEI>
</Linha>
<Linha>
  <CO_MUNICIP>130006</CO_MUNICIP>
  <CO_DSEI>006</CO_DSEI>
</Linha>
<Linha>
  <CO_MUNICIP>130020</CO_MUNICIP>
  <CO_DSEI>031</CO_DSEI>
</Linha>
<Linha>
  <CO_MUNICIP>130030</CO_MUNICIP>
  <CO_DSEI>018</CO_DSEI>
</Linha>
<Linha>
  <CO_MUNICIP>130040</CO_MUNICIP>
  <CO_DSEI>004</CO_DSEI>
</Linha>
<Linha>
  <CO_MUNICIP>130040</CO_MUNICIP>
  <CO_DSEI>034</CO_DSEI>
</Linha>
<Linha>
  <CO_MUNICIP>130050</CO_MUNICIP>
  <CO_DSEI>024</CO_DSEI>
</Linha>
<Linha>
  <CO_MUNICIP>130060</CO_MUNICIP>
  <CO_DSEI>006</CO_DSEI>
</Linha>
<Linha>
  <CO_MUNICIP>130063</CO_MUNICIP>
  <CO_DSEI>018</CO_DSEI>
</Linha>
<Linha>
  <CO_MUNICIP>130070</CO_MUNICIP>
  <CO_DSEI>005</CO_DSEI>
</Linha>
<Linha>
  <CO_MUNICIP>130080</CO_MUNICIP>
  <CO_DSEI>018</CO_DSEI>
</Linha>
<Linha>
  <CO_MUNICIP>130100</CO_MUNICIP>
  <CO_DSEI>022</CO_DSEI>
</Linha>
<Linha>
  <CO_MUNICIP>130110</CO_MUNICIP>
  <CO_DSEI>018</CO_DSEI>
</Linha>
<Linha>
  <CO_MUNICIP>130115</CO_MUNICIP>
  <CO_DSEI>018</CO_DSEI>
</Linha>
<Linha>
  <CO_MUNICIP>130120</CO_MUNICIP>
  <CO_DSEI>022</CO_DSEI>
</Linha>
<Linha>
  <CO_MUNICIP>130140</CO_MUNICIP>
  <CO_DSEI>022</CO_DSEI>
</Linha>
<Linha>
  <CO_MUNICIP>130150</CO_MUNICIP>
  <CO_DSEI>022</CO_DSEI>
</Linha>
<Linha>
  <CO_MUNICIP>130160</CO_MUNICIP>
  <CO_DSEI>022</CO_DSEI>
</Linha>
<Linha>
  <CO_MUNICIP>130170</CO_MUNICIP>
  <CO_DSEI>018</CO_DSEI>
</Linha>
<Linha>
  <CO_MUNICIP>130170</CO_MUNICIP>
  <CO_DSEI>027</CO_DSEI>
</Linha>
<Linha>
  <CO_MUNICIP>130180</CO_MUNICIP>
  <CO_DSEI>022</CO_DSEI>
</Linha>
<Linha>
  <CO_MUNICIP>130185</CO_MUNICIP>
  <CO_DSEI>018</CO_DSEI>
</Linha>
<Linha>
  <CO_MUNICIP>130190</CO_MUNICIP>
  <CO_DSEI>018</CO_DSEI>
</Linha>
<Linha>
  <CO_MUNICIP>130195</CO_MUNICIP>
  <CO_DSEI>022</CO_DSEI>
</Linha>
<Linha>
  <CO_MUNICIP>130210</CO_MUNICIP>
  <CO_DSEI>006</CO_DSEI>
</Linha>
<Linha>
  <CO_MUNICIP>130210</CO_MUNICIP>
  <CO_DSEI>022</CO_DSEI>
</Linha>
<Linha>
  <CO_MUNICIP>130220</CO_MUNICIP>
  <CO_DSEI>022</CO_DSEI>
</Linha>
<Linha>
  <CO_MUNICIP>130230</CO_MUNICIP>
  <CO_DSEI>022</CO_DSEI>
</Linha>
<Linha>
  <CO_MUNICIP>130240</CO_MUNICIP>
  <CO_DSEI>021</CO_DSEI>
</Linha>
<Linha>
  <CO_MUNICIP>130250</CO_MUNICIP>
  <CO_DSEI>018</CO_DSEI>
</Linha>
<Linha>
  <CO_MUNICIP>130255</CO_MUNICIP>
  <CO_DSEI>018</CO_DSEI>
</Linha>
<Linha>
  <CO_MUNICIP>130270</CO_MUNICIP>
  <CO_DSEI>018</CO_DSEI>
</Linha>
<Linha>
  <CO_MUNICIP>130280</CO_MUNICIP>
  <CO_DSEI>022</CO_DSEI>
</Linha>
<Linha>
  <CO_MUNICIP>130290</CO_MUNICIP>
  <CO_DSEI>024</CO_DSEI>
</Linha>
<Linha>
  <CO_MUNICIP>130300</CO_MUNICIP>
  <CO_DSEI>024</CO_DSEI>
</Linha>
<Linha>
  <CO_MUNICIP>130310</CO_MUNICIP>
  <CO_DSEI>018</CO_DSEI>
</Linha>
<Linha>
  <CO_MUNICIP>130350</CO_MUNICIP>
  <CO_DSEI>005</CO_DSEI>
</Linha>
<Linha>
  <CO_MUNICIP>130356</CO_MUNICIP>
  <CO_DSEI>018</CO_DSEI>
</Linha>
<Linha>
  <CO_MUNICIP>130360</CO_MUNICIP>
  <CO_DSEI>004</CO_DSEI>
</Linha>
<Linha>
  <CO_MUNICIP>130360</CO_MUNICIP>
  <CO_DSEI>034</CO_DSEI>
</Linha>
<Linha>
  <CO_MUNICIP>130370</CO_MUNICIP>
  <CO_DSEI>006</CO_DSEI>
</Linha>
<Linha>
  <CO_MUNICIP>130380</CO_MUNICIP>
  <CO_DSEI>004</CO_DSEI>
</Linha>
<Linha>
  <CO_MUNICIP>130380</CO_MUNICIP>
  <CO_DSEI>034</CO_DSEI>
</Linha>
<Linha>
  <CO_MUNICIP>130390</CO_MUNICIP>
  <CO_DSEI>006</CO_DSEI>
</Linha>
<Linha>
  <CO_MUNICIP>130406</CO_MUNICIP>
  <CO_DSEI>006</CO_DSEI>
</Linha>
<Linha>
  <CO_MUNICIP>130410</CO_MUNICIP>
  <CO_DSEI>021</CO_DSEI>
</Linha>
<Linha>
  <CO_MUNICIP>130420</CO_MUNICIP>
  <CO_DSEI>022</CO_DSEI>
</Linha>
<Linha>
  <CO_MUNICIP>130423</CO_MUNICIP>
  <CO_DSEI>006</CO_DSEI>
</Linha>
<Linha>
  <CO_MUNICIP>130426</CO_MUNICIP>
  <CO_DSEI>022</CO_DSEI>
</Linha>
<Linha>
  <CO_MUNICIP>130430</CO_MUNICIP>
  <CO_DSEI>018</CO_DSEI>
</Linha>
<Linha>
  <CO_MUNICIP>140002</CO_MUNICIP>
  <CO_DSEI>016</CO_DSEI>
</Linha>
<Linha>
  <CO_MUNICIP>140002</CO_MUNICIP>
  <CO_DSEI>034</CO_DSEI>
</Linha>
<Linha>
  <CO_MUNICIP>140005</CO_MUNICIP>
  <CO_DSEI>016</CO_DSEI>
</Linha>
<Linha>
  <CO_MUNICIP>140005</CO_MUNICIP>
  <CO_DSEI>034</CO_DSEI>
</Linha>
<Linha>
  <CO_MUNICIP>140010</CO_MUNICIP>
  <CO_DSEI>016</CO_DSEI>
</Linha>
<Linha>
  <CO_MUNICIP>140015</CO_MUNICIP>
  <CO_DSEI>016</CO_DSEI>
</Linha>
<Linha>
  <CO_MUNICIP>140017</CO_MUNICIP>
  <CO_DSEI>016</CO_DSEI>
</Linha>
<Linha>
  <CO_MUNICIP>140020</CO_MUNICIP>
  <CO_DSEI>034</CO_DSEI>
</Linha>
<Linha>
  <CO_MUNICIP>140023</CO_MUNICIP>
  <CO_DSEI>016</CO_DSEI>
</Linha>
<Linha>
  <CO_MUNICIP>140028</CO_MUNICIP>
  <CO_DSEI>034</CO_DSEI>
</Linha>
<Linha>
  <CO_MUNICIP>140030</CO_MUNICIP>
  <CO_DSEI>034</CO_DSEI>
</Linha>
<Linha>
  <CO_MUNICIP>140040</CO_MUNICIP>
  <CO_DSEI>016</CO_DSEI>
</Linha>
<Linha>
  <CO_MUNICIP>140045</CO_MUNICIP>
  <CO_DSEI>016</CO_DSEI>
</Linha>
<Linha>
  <CO_MUNICIP>140070</CO_MUNICIP>
  <CO_DSEI>016</CO_DSEI>
</Linha>
<Linha>
  <CO_MUNICIP>150050</CO_MUNICIP>
  <CO_DSEI>007</CO_DSEI>
</Linha>
<Linha>
  <CO_MUNICIP>150060</CO_MUNICIP>
  <CO_DSEI>002</CO_DSEI>
</Linha>
<Linha>
  <CO_MUNICIP>150230</CO_MUNICIP>
  <CO_DSEI>012</CO_DSEI>
</Linha>
<Linha>
  <CO_MUNICIP>150360</CO_MUNICIP>
  <CO_DSEI>029</CO_DSEI>
</Linha>
<Linha>
  <CO_MUNICIP>150375</CO_MUNICIP>
  <CO_DSEI>029</CO_DSEI>
</Linha>
<Linha>
  <CO_MUNICIP>150420</CO_MUNICIP>
  <CO_DSEI>012</CO_DSEI>
</Linha>
<Linha>
  <CO_MUNICIP>150503</CO_MUNICIP>
  <CO_DSEI>029</CO_DSEI>
</Linha>
<Linha>
  <CO_MUNICIP>150510</CO_MUNICIP>
  <CO_DSEI>007</CO_DSEI>
</Linha>
<Linha>
  <CO_MUNICIP>150510</CO_MUNICIP>
  <CO_DSEI>012</CO_DSEI>
</Linha>
<Linha>
  <CO_MUNICIP>150530</CO_MUNICIP>
  <CO_DSEI>012</CO_DSEI>
</Linha>
<Linha>
  <CO_MUNICIP>150530</CO_MUNICIP>
  <CO_DSEI>024</CO_DSEI>
</Linha>
<Linha>
  <CO_MUNICIP>150543</CO_MUNICIP>
  <CO_DSEI>015</CO_DSEI>
</Linha>
<Linha>
  <CO_MUNICIP>150550</CO_MUNICIP>
  <CO_DSEI>012</CO_DSEI>
</Linha>
<Linha>
  <CO_MUNICIP>150613</CO_MUNICIP>
  <CO_DSEI>015</CO_DSEI>
</Linha>
<Linha>
  <CO_MUNICIP>150655</CO_MUNICIP>
  <CO_DSEI>012</CO_DSEI>
</Linha>
<Linha>
  <CO_MUNICIP>150730</CO_MUNICIP>
  <CO_DSEI>015</CO_DSEI>
</Linha>
<Linha>
  <CO_MUNICIP>150800</CO_MUNICIP>
  <CO_DSEI>012</CO_DSEI>
</Linha>
<Linha>
  <CO_MUNICIP>150808</CO_MUNICIP>
  <CO_DSEI>015</CO_DSEI>
</Linha>
<Linha>
  <CO_MUNICIP>150810</CO_MUNICIP>
  <CO_DSEI>012</CO_DSEI>
</Linha>
<Linha>
  <CO_MUNICIP>160015</CO_MUNICIP>
  <CO_DSEI>007</CO_DSEI>
</Linha>
<Linha>
  <CO_MUNICIP>160050</CO_MUNICIP>
  <CO_DSEI>007</CO_DSEI>
</Linha>
<Linha>
  <CO_MUNICIP>170820</CO_MUNICIP>
  <CO_DSEI>030</CO_DSEI>
</Linha>
<Linha>
  <CO_MUNICIP>171050</CO_MUNICIP>
  <CO_DSEI>030</CO_DSEI>
</Linha>
<Linha>
  <CO_MUNICIP>171886</CO_MUNICIP>
  <CO_DSEI>030</CO_DSEI>
</Linha>
<Linha>
  <CO_MUNICIP>172110</CO_MUNICIP>
  <CO_DSEI>030</CO_DSEI>
</Linha>
<Linha>
  <CO_MUNICIP>172120</CO_MUNICIP>
  <CO_DSEI>030</CO_DSEI>
</Linha>
<Linha>
  <CO_MUNICIP>210060</CO_MUNICIP>
  <CO_DSEI>019</CO_DSEI>
</Linha>
<Linha>
  <CO_MUNICIP>210095</CO_MUNICIP>
  <CO_DSEI>019</CO_DSEI>
</Linha>
<Linha>
  <CO_MUNICIP>210160</CO_MUNICIP>
  <CO_DSEI>019</CO_DSEI>
</Linha>
<Linha>
  <CO_MUNICIP>210200</CO_MUNICIP>
  <CO_DSEI>019</CO_DSEI>
</Linha>
<Linha>
  <CO_MUNICIP>210480</CO_MUNICIP>
  <CO_DSEI>019</CO_DSEI>
</Linha>
<Linha>
  <CO_MUNICIP>210990</CO_MUNICIP>
  <CO_DSEI>019</CO_DSEI>
</Linha>
<Linha>
  <CO_MUNICIP>230020</CO_MUNICIP>
  <CO_DSEI>010</CO_DSEI>
</Linha>
<Linha>
  <CO_MUNICIP>230100</CO_MUNICIP>
  <CO_DSEI>010</CO_DSEI>
</Linha>
<Linha>
  <CO_MUNICIP>230140</CO_MUNICIP>
  <CO_DSEI>010</CO_DSEI>
</Linha>
<Linha>
  <CO_MUNICIP>230240</CO_MUNICIP>
  <CO_DSEI>010</CO_DSEI>
</Linha>
<Linha>
  <CO_MUNICIP>230280</CO_MUNICIP>
  <CO_DSEI>010</CO_DSEI>
</Linha>
<Linha>
  <CO_MUNICIP>230370</CO_MUNICIP>
  <CO_DSEI>010</CO_DSEI>
</Linha>
<Linha>
  <CO_MUNICIP>230410</CO_MUNICIP>
  <CO_DSEI>010</CO_DSEI>
</Linha>
<Linha>
  <CO_MUNICIP>230640</CO_MUNICIP>
  <CO_DSEI>010</CO_DSEI>
</Linha>
<Linha>
  <CO_MUNICIP>230655</CO_MUNICIP>
  <CO_DSEI>010</CO_DSEI>
</Linha>
<Linha>
  <CO_MUNICIP>230765</CO_MUNICIP>
  <CO_DSEI>010</CO_DSEI>
</Linha>
<Linha>
  <CO_MUNICIP>230860</CO_MUNICIP>
  <CO_DSEI>010</CO_DSEI>
</Linha>
<Linha>
  <CO_MUNICIP>230940</CO_MUNICIP>
  <CO_DSEI>010</CO_DSEI>
</Linha>
<Linha>
  <CO_MUNICIP>230970</CO_MUNICIP>
  <CO_DSEI>010</CO_DSEI>
</Linha>
<Linha>
  <CO_MUNICIP>231100</CO_MUNICIP>
  <CO_DSEI>010</CO_DSEI>
</Linha>
<Linha>
  <CO_MUNICIP>231126</CO_MUNICIP>
  <CO_DSEI>010</CO_DSEI>
</Linha>
<Linha>
  <CO_MUNICIP>231230</CO_MUNICIP>
  <CO_DSEI>010</CO_DSEI>
</Linha>
<Linha>
  <CO_MUNICIP>231240</CO_MUNICIP>
  <CO_DSEI>010</CO_DSEI>
</Linha>
<Linha>
  <CO_MUNICIP>231320</CO_MUNICIP>
  <CO_DSEI>010</CO_DSEI>
</Linha>
<Linha>
  <CO_MUNICIP>250140</CO_MUNICIP>
  <CO_DSEI>028</CO_DSEI>
</Linha>
<Linha>
  <CO_MUNICIP>250905</CO_MUNICIP>
  <CO_DSEI>028</CO_DSEI>
</Linha>
<Linha>
  <CO_MUNICIP>251290</CO_MUNICIP>
  <CO_DSEI>028</CO_DSEI>
</Linha>
<Linha>
  <CO_MUNICIP>260050</CO_MUNICIP>
  <CO_DSEI>026</CO_DSEI>
</Linha>
<Linha>
  <CO_MUNICIP>260280</CO_MUNICIP>
  <CO_DSEI>026</CO_DSEI>
</Linha>
<Linha>
  <CO_MUNICIP>260300</CO_MUNICIP>
  <CO_DSEI>026</CO_DSEI>
</Linha>
<Linha>
  <CO_MUNICIP>260392</CO_MUNICIP>
  <CO_DSEI>026</CO_DSEI>
</Linha>
<Linha>
  <CO_MUNICIP>260570</CO_MUNICIP>
  <CO_DSEI>026</CO_DSEI>
</Linha>
<Linha>
  <CO_MUNICIP>260660</CO_MUNICIP>
  <CO_DSEI>026</CO_DSEI>
</Linha>
<Linha>
  <CO_MUNICIP>260700</CO_MUNICIP>
  <CO_DSEI>026</CO_DSEI>
</Linha>
<Linha>
  <CO_MUNICIP>260805</CO_MUNICIP>
  <CO_DSEI>026</CO_DSEI>
</Linha>
<Linha>
  <CO_MUNICIP>261090</CO_MUNICIP>
  <CO_DSEI>026</CO_DSEI>
</Linha>
<Linha>
  <CO_MUNICIP>261100</CO_MUNICIP>
  <CO_DSEI>026</CO_DSEI>
</Linha>
<Linha>
  <CO_MUNICIP>270010</CO_MUNICIP>
  <CO_DSEI>001</CO_DSEI>
</Linha>
<Linha>
  <CO_MUNICIP>270260</CO_MUNICIP>
  <CO_DSEI>001</CO_DSEI>
</Linha>
<Linha>
  <CO_MUNICIP>270330</CO_MUNICIP>
  <CO_DSEI>001</CO_DSEI>
</Linha>
<Linha>
  <CO_MUNICIP>270380</CO_MUNICIP>
  <CO_DSEI>001</CO_DSEI>
</Linha>
<Linha>
  <CO_MUNICIP>270630</CO_MUNICIP>
  <CO_DSEI>001</CO_DSEI>
</Linha>
<Linha>
  <CO_MUNICIP>270642</CO_MUNICIP>
  <CO_DSEI>001</CO_DSEI>
</Linha>
<Linha>
  <CO_MUNICIP>270750</CO_MUNICIP>
  <CO_DSEI>001</CO_DSEI>
</Linha>
<Linha>
  <CO_MUNICIP>270880</CO_MUNICIP>
  <CO_DSEI>001</CO_DSEI>
</Linha>
<Linha>
  <CO_MUNICIP>270920</CO_MUNICIP>
  <CO_DSEI>001</CO_DSEI>
</Linha>
<Linha>
  <CO_MUNICIP>280560</CO_MUNICIP>
  <CO_DSEI>001</CO_DSEI>
</Linha>
<Linha>
  <CO_MUNICIP>291080</CO_MUNICIP>
  <CO_DSEI>009</CO_DSEI>
</Linha>
<Linha>
  <CO_MUNICIP>291320</CO_MUNICIP>
  <CO_DSEI>009</CO_DSEI>
</Linha>
<Linha>
  <CO_MUNICIP>291360</CO_MUNICIP>
  <CO_DSEI>009</CO_DSEI>
</Linha>
<Linha>
  <CO_MUNICIP>291840</CO_MUNICIP>
  <CO_DSEI>009</CO_DSEI>
</Linha>
<Linha>
  <CO_MUNICIP>292400</CO_MUNICIP>
  <CO_DSEI>009</CO_DSEI>
</Linha>
<Linha>
  <CO_MUNICIP>292530</CO_MUNICIP>
  <CO_DSEI>009</CO_DSEI>
</Linha>
<Linha>
  <CO_MUNICIP>310340</CO_MUNICIP>
  <CO_DSEI>023</CO_DSEI>
</Linha>
<Linha>
  <CO_MUNICIP>310660</CO_MUNICIP>
  <CO_DSEI>023</CO_DSEI>
</Linha>
<Linha>
  <CO_MUNICIP>311030</CO_MUNICIP>
  <CO_DSEI>023</CO_DSEI>
</Linha>
<Linha>
  <CO_MUNICIP>311080</CO_MUNICIP>
  <CO_DSEI>023</CO_DSEI>
</Linha>
<Linha>
  <CO_MUNICIP>311380</CO_MUNICIP>
  <CO_DSEI>023</CO_DSEI>
</Linha>
<Linha>
  <CO_MUNICIP>313700</CO_MUNICIP>
  <CO_DSEI>023</CO_DSEI>
</Linha>
<Linha>
  <CO_MUNICIP>314050</CO_MUNICIP>
  <CO_DSEI>023</CO_DSEI>
</Linha>
<Linha>
  <CO_MUNICIP>315430</CO_MUNICIP>
  <CO_DSEI>023</CO_DSEI>
</Linha>
<Linha>
  <CO_MUNICIP>315765</CO_MUNICIP>
  <CO_DSEI>023</CO_DSEI>
</Linha>
<Linha>
  <CO_MUNICIP>316245</CO_MUNICIP>
  <CO_DSEI>023</CO_DSEI>
</Linha>
<Linha>
  <CO_MUNICIP>316860</CO_MUNICIP>
  <CO_DSEI>023</CO_DSEI>
</Linha>
<Linha>
  <CO_MUNICIP>320060</CO_MUNICIP>
  <CO_DSEI>023</CO_DSEI>
</Linha>
<Linha>
  <CO_MUNICIP>330010</CO_MUNICIP>
  <CO_DSEI>017</CO_DSEI>
</Linha>
<Linha>
  <CO_MUNICIP>350600</CO_MUNICIP>
  <CO_DSEI>013</CO_DSEI>
</Linha>
<Linha>
  <CO_MUNICIP>353110</CO_MUNICIP>
  <CO_DSEI>017</CO_DSEI>
</Linha>
<Linha>
  <CO_MUNICIP>353760</CO_MUNICIP>
  <CO_DSEI>017</CO_DSEI>
</Linha>
<Linha>
  <CO_MUNICIP>354260</CO_MUNICIP>
  <CO_DSEI>017</CO_DSEI>
</Linha>
<Linha>
  <CO_MUNICIP>355030</CO_MUNICIP>
  <CO_DSEI>017</CO_DSEI>
</Linha>
<Linha>
  <CO_MUNICIP>355070</CO_MUNICIP>
  <CO_DSEI>017</CO_DSEI>
</Linha>
<Linha>
  <CO_MUNICIP>410940</CO_MUNICIP>
  <CO_DSEI>013</CO_DSEI>
</Linha>
<Linha>
  <CO_MUNICIP>411370</CO_MUNICIP>
  <CO_DSEI>013</CO_DSEI>
</Linha>
<Linha>
  <CO_MUNICIP>411820</CO_MUNICIP>
  <CO_DSEI>017</CO_DSEI>
</Linha>
<Linha>
  <CO_MUNICIP>420130</CO_MUNICIP>
  <CO_DSEI>017</CO_DSEI>
</Linha>
<Linha>
  <CO_MUNICIP>420420</CO_MUNICIP>
  <CO_DSEI>013</CO_DSEI>
</Linha>
<Linha>
  <CO_MUNICIP>420540</CO_MUNICIP>
  <CO_DSEI>017</CO_DSEI>
</Linha>
<Linha>
  <CO_MUNICIP>420915</CO_MUNICIP>
  <CO_DSEI>013</CO_DSEI>
</Linha>
<Linha>
  <CO_MUNICIP>430190</CO_MUNICIP>
  <CO_DSEI>017</CO_DSEI>
</Linha>
<Linha>
  <CO_MUNICIP>431410</CO_MUNICIP>
  <CO_DSEI>013</CO_DSEI>
</Linha>
<Linha>
  <CO_MUNICIP>431490</CO_MUNICIP>
  <CO_DSEI>017</CO_DSEI>
</Linha>
<Linha>
  <CO_MUNICIP>431575</CO_MUNICIP>
  <CO_DSEI>017</CO_DSEI>
</Linha>
<Linha>
  <CO_MUNICIP>432300</CO_MUNICIP>
  <CO_DSEI>017</CO_DSEI>
</Linha>
<Linha>
  <CO_MUNICIP>500060</CO_MUNICIP>
  <CO_DSEI>020</CO_DSEI>
</Linha>
<Linha>
  <CO_MUNICIP>500090</CO_MUNICIP>
  <CO_DSEI>020</CO_DSEI>
</Linha>
<Linha>
  <CO_MUNICIP>500110</CO_MUNICIP>
  <CO_DSEI>020</CO_DSEI>
</Linha>
<Linha>
  <CO_MUNICIP>500215</CO_MUNICIP>
  <CO_DSEI>020</CO_DSEI>
</Linha>
<Linha>
  <CO_MUNICIP>500220</CO_MUNICIP>
  <CO_DSEI>020</CO_DSEI>
</Linha>
<Linha>
  <CO_MUNICIP>500230</CO_MUNICIP>
  <CO_DSEI>020</CO_DSEI>
</Linha>
<Linha>
  <CO_MUNICIP>500240</CO_MUNICIP>
  <CO_DSEI>020</CO_DSEI>
</Linha>
<Linha>
  <CO_MUNICIP>500270</CO_MUNICIP>
  <CO_DSEI>020</CO_DSEI>
</Linha>
<Linha>
  <CO_MUNICIP>500320</CO_MUNICIP>
  <CO_DSEI>020</CO_DSEI>
</Linha>
<Linha>
  <CO_MUNICIP>500370</CO_MUNICIP>
  <CO_DSEI>020</CO_DSEI>
</Linha>
<Linha>
  <CO_MUNICIP>500430</CO_MUNICIP>
  <CO_DSEI>020</CO_DSEI>
</Linha>
<Linha>
  <CO_MUNICIP>500560</CO_MUNICIP>
  <CO_DSEI>020</CO_DSEI>
</Linha>
<Linha>
  <CO_MUNICIP>500635</CO_MUNICIP>
  <CO_DSEI>020</CO_DSEI>
</Linha>
<Linha>
  <CO_MUNICIP>500790</CO_MUNICIP>
  <CO_DSEI>020</CO_DSEI>
</Linha>
<Linha>
  <CO_MUNICIP>500795</CO_MUNICIP>
  <CO_DSEI>020</CO_DSEI>
</Linha>
<Linha>
  <CO_MUNICIP>510020</CO_MUNICIP>
  <CO_DSEI>033</CO_DSEI>
</Linha>
<Linha>
  <CO_MUNICIP>510140</CO_MUNICIP>
  <CO_DSEI>032</CO_DSEI>
</Linha>
<Linha>
  <CO_MUNICIP>510180</CO_MUNICIP>
  <CO_DSEI>033</CO_DSEI>
</Linha>
<Linha>
  <CO_MUNICIP>510185</CO_MUNICIP>
  <CO_DSEI>033</CO_DSEI>
</Linha>
<Linha>
  <CO_MUNICIP>510190</CO_MUNICIP>
  <CO_DSEI>011</CO_DSEI>
</Linha>
<Linha>
  <CO_MUNICIP>510260</CO_MUNICIP>
  <CO_DSEI>033</CO_DSEI>
</Linha>
<Linha>
  <CO_MUNICIP>510320</CO_MUNICIP>
  <CO_DSEI>014</CO_DSEI>
</Linha>
<Linha>
  <CO_MUNICIP>510335</CO_MUNICIP>
  <CO_DSEI>008</CO_DSEI>
</Linha>
<Linha>
  <CO_MUNICIP>510340</CO_MUNICIP>
  <CO_DSEI>011</CO_DSEI>
</Linha>
<Linha>
  <CO_MUNICIP>510370</CO_MUNICIP>
  <CO_DSEI>025</CO_DSEI>
</Linha>
<Linha>
  <CO_MUNICIP>510385</CO_MUNICIP>
  <CO_DSEI>025</CO_DSEI>
</Linha>
<Linha>
  <CO_MUNICIP>510390</CO_MUNICIP>
  <CO_DSEI>033</CO_DSEI>
</Linha>
<Linha>
  <CO_MUNICIP>510510</CO_MUNICIP>
  <CO_DSEI>014</CO_DSEI>
</Linha>
<Linha>
  <CO_MUNICIP>510515</CO_MUNICIP>
  <CO_DSEI>032</CO_DSEI>
</Linha>
<Linha>
  <CO_MUNICIP>510630</CO_MUNICIP>
  <CO_DSEI>033</CO_DSEI>
</Linha>
<Linha>
  <CO_MUNICIP>510642</CO_MUNICIP>
  <CO_DSEI>014</CO_DSEI>
</Linha>
<Linha>
  <CO_MUNICIP>510682</CO_MUNICIP>
  <CO_DSEI>011</CO_DSEI>
</Linha>
<Linha>
  <CO_MUNICIP>510706</CO_MUNICIP>
  <CO_DSEI>025</CO_DSEI>
</Linha>
<Linha>
  <CO_MUNICIP>510760</CO_MUNICIP>
  <CO_DSEI>011</CO_DSEI>
</Linha>
<Linha>
  <CO_MUNICIP>510777</CO_MUNICIP>
  <CO_DSEI>008</CO_DSEI>
</Linha>
<Linha>
  <CO_MUNICIP>510785</CO_MUNICIP>
  <CO_DSEI>008</CO_DSEI>
</Linha>
<Linha>
  <CO_MUNICIP>510785</CO_MUNICIP>
  <CO_DSEI>025</CO_DSEI>
</Linha>
<Linha>
  <CO_MUNICIP>510795</CO_MUNICIP>
  <CO_DSEI>011</CO_DSEI>
</Linha>
<Linha>
  <CO_MUNICIP>520870</CO_MUNICIP>
  <CO_DSEI>008</CO_DSEI>
</Linha>
</Tabela>
