<?xml version="1.0" encoding="ISO-8859-1"?>
<Tabela>
<Linha>
  <CO_REGSAUD>00000</CO_REGSAUD>
  <CO_MACSAUD>0000</CO_MACSAUD>
</Linha>
<Linha>
  <CO_REGSAUD>11001</CO_REGSAUD>
  <CO_MACSAUD>1102</CO_MACSAUD>
</Linha>
<Linha>
  <CO_REGSAUD>11002</CO_REGSAUD>
  <CO_MACSAUD>1101</CO_MACSAUD>
</Linha>
<Linha>
  <CO_REGSAUD>11003</CO_REGSAUD>
  <CO_MACSAUD>1102</CO_MACSAUD>
</Linha>
<Linha>
  <CO_REGSAUD>11003</CO_REGSAUD>
  <CO_MACSAUD>1101</CO_MACSAUD>
</Linha>
<Linha>
  <CO_REGSAUD>11004</CO_REGSAUD>
  <CO_MACSAUD>1102</CO_MACSAUD>
</Linha>
<Linha>
  <CO_REGSAUD>11005</CO_REGSAUD>
  <CO_MACSAUD>1101</CO_MACSAUD>
</Linha>
<Linha>
  <CO_REGSAUD>11006</CO_REGSAUD>
  <CO_MACSAUD>1101</CO_MACSAUD>
</Linha>
<Linha>
  <CO_REGSAUD>11007</CO_REGSAUD>
  <CO_MACSAUD>1101</CO_MACSAUD>
</Linha>
<Linha>
  <CO_REGSAUD>12001</CO_REGSAUD>
  <CO_MACSAUD>1201</CO_MACSAUD>
</Linha>
<Linha>
  <CO_REGSAUD>12002</CO_REGSAUD>
  <CO_MACSAUD>1201</CO_MACSAUD>
</Linha>
<Linha>
  <CO_REGSAUD>12003</CO_REGSAUD>
  <CO_MACSAUD>1201</CO_MACSAUD>
</Linha>
<Linha>
  <CO_REGSAUD>13001</CO_REGSAUD>
  <CO_MACSAUD>1304</CO_MACSAUD>
</Linha>
<Linha>
  <CO_REGSAUD>13002</CO_REGSAUD>
  <CO_MACSAUD>1304</CO_MACSAUD>
</Linha>
<Linha>
  <CO_REGSAUD>13003</CO_REGSAUD>
  <CO_MACSAUD>1303</CO_MACSAUD>
</Linha>
<Linha>
  <CO_REGSAUD>13004</CO_REGSAUD>
  <CO_MACSAUD>1303</CO_MACSAUD>
</Linha>
<Linha>
  <CO_REGSAUD>13005</CO_REGSAUD>
  <CO_MACSAUD>1303</CO_MACSAUD>
</Linha>
<Linha>
  <CO_REGSAUD>13006</CO_REGSAUD>
  <CO_MACSAUD>1304</CO_MACSAUD>
</Linha>
<Linha>
  <CO_REGSAUD>13007</CO_REGSAUD>
  <CO_MACSAUD>1302</CO_MACSAUD>
</Linha>
<Linha>
  <CO_REGSAUD>13008</CO_REGSAUD>
  <CO_MACSAUD>1302</CO_MACSAUD>
</Linha>
<Linha>
  <CO_REGSAUD>13009</CO_REGSAUD>
  <CO_MACSAUD>1302</CO_MACSAUD>
</Linha>
<Linha>
  <CO_REGSAUD>14001</CO_REGSAUD>
  <CO_MACSAUD>1401</CO_MACSAUD>
</Linha>
<Linha>
  <CO_REGSAUD>14002</CO_REGSAUD>
  <CO_MACSAUD>1401</CO_MACSAUD>
</Linha>
<Linha>
  <CO_REGSAUD>15001</CO_REGSAUD>
  <CO_MACSAUD>1509</CO_MACSAUD>
</Linha>
<Linha>
  <CO_REGSAUD>15002</CO_REGSAUD>
  <CO_MACSAUD>1510</CO_MACSAUD>
</Linha>
<Linha>
  <CO_REGSAUD>15003</CO_REGSAUD>
  <CO_MACSAUD>1509</CO_MACSAUD>
</Linha>
<Linha>
  <CO_REGSAUD>15004</CO_REGSAUD>
  <CO_MACSAUD>1509</CO_MACSAUD>
</Linha>
<Linha>
  <CO_REGSAUD>15006</CO_REGSAUD>
  <CO_MACSAUD>1512</CO_MACSAUD>
</Linha>
<Linha>
  <CO_REGSAUD>15007</CO_REGSAUD>
  <CO_MACSAUD>1511</CO_MACSAUD>
</Linha>
<Linha>
  <CO_REGSAUD>15008</CO_REGSAUD>
  <CO_MACSAUD>1511</CO_MACSAUD>
</Linha>
<Linha>
  <CO_REGSAUD>15009</CO_REGSAUD>
  <CO_MACSAUD>1511</CO_MACSAUD>
</Linha>
<Linha>
  <CO_REGSAUD>15010</CO_REGSAUD>
  <CO_MACSAUD>1510</CO_MACSAUD>
</Linha>
<Linha>
  <CO_REGSAUD>15011</CO_REGSAUD>
  <CO_MACSAUD>1512</CO_MACSAUD>
</Linha>
<Linha>
  <CO_REGSAUD>15012</CO_REGSAUD>
  <CO_MACSAUD>1510</CO_MACSAUD>
</Linha>
<Linha>
  <CO_REGSAUD>15013</CO_REGSAUD>
  <CO_MACSAUD>1512</CO_MACSAUD>
</Linha>
<Linha>
  <CO_REGSAUD>15014</CO_REGSAUD>
  <CO_MACSAUD>1512</CO_MACSAUD>
</Linha>
<Linha>
  <CO_REGSAUD>16001</CO_REGSAUD>
  <CO_MACSAUD>1601</CO_MACSAUD>
</Linha>
<Linha>
  <CO_REGSAUD>16002</CO_REGSAUD>
  <CO_MACSAUD>1601</CO_MACSAUD>
</Linha>
<Linha>
  <CO_REGSAUD>16003</CO_REGSAUD>
  <CO_MACSAUD>1601</CO_MACSAUD>
</Linha>
<Linha>
  <CO_REGSAUD>17001</CO_REGSAUD>
  <CO_MACSAUD>1701</CO_MACSAUD>
</Linha>
<Linha>
  <CO_REGSAUD>17002</CO_REGSAUD>
  <CO_MACSAUD>1701</CO_MACSAUD>
</Linha>
<Linha>
  <CO_REGSAUD>17003</CO_REGSAUD>
  <CO_MACSAUD>1702</CO_MACSAUD>
</Linha>
<Linha>
  <CO_REGSAUD>17004</CO_REGSAUD>
  <CO_MACSAUD>1701</CO_MACSAUD>
</Linha>
<Linha>
  <CO_REGSAUD>17005</CO_REGSAUD>
  <CO_MACSAUD>1702</CO_MACSAUD>
</Linha>
<Linha>
  <CO_REGSAUD>17006</CO_REGSAUD>
  <CO_MACSAUD>1702</CO_MACSAUD>
</Linha>
<Linha>
  <CO_REGSAUD>17007</CO_REGSAUD>
  <CO_MACSAUD>1702</CO_MACSAUD>
</Linha>
<Linha>
  <CO_REGSAUD>17008</CO_REGSAUD>
  <CO_MACSAUD>1702</CO_MACSAUD>
</Linha>
<Linha>
  <CO_REGSAUD>21001</CO_REGSAUD>
  <CO_MACSAUD>2109</CO_MACSAUD>
</Linha>
<Linha>
  <CO_REGSAUD>21002</CO_REGSAUD>
  <CO_MACSAUD>2110</CO_MACSAUD>
</Linha>
<Linha>
  <CO_REGSAUD>21003</CO_REGSAUD>
  <CO_MACSAUD>2109</CO_MACSAUD>
</Linha>
<Linha>
  <CO_REGSAUD>21004</CO_REGSAUD>
  <CO_MACSAUD>2109</CO_MACSAUD>
</Linha>
<Linha>
  <CO_REGSAUD>21005</CO_REGSAUD>
  <CO_MACSAUD>2111</CO_MACSAUD>
</Linha>
<Linha>
  <CO_REGSAUD>21006</CO_REGSAUD>
  <CO_MACSAUD>2110</CO_MACSAUD>
</Linha>
<Linha>
  <CO_REGSAUD>21007</CO_REGSAUD>
  <CO_MACSAUD>2111</CO_MACSAUD>
</Linha>
<Linha>
  <CO_REGSAUD>21008</CO_REGSAUD>
  <CO_MACSAUD>2109</CO_MACSAUD>
</Linha>
<Linha>
  <CO_REGSAUD>21009</CO_REGSAUD>
  <CO_MACSAUD>2110</CO_MACSAUD>
</Linha>
<Linha>
  <CO_REGSAUD>21010</CO_REGSAUD>
  <CO_MACSAUD>2111</CO_MACSAUD>
</Linha>
<Linha>
  <CO_REGSAUD>21011</CO_REGSAUD>
  <CO_MACSAUD>2110</CO_MACSAUD>
</Linha>
<Linha>
  <CO_REGSAUD>21012</CO_REGSAUD>
  <CO_MACSAUD>2111</CO_MACSAUD>
</Linha>
<Linha>
  <CO_REGSAUD>21013</CO_REGSAUD>
  <CO_MACSAUD>2110</CO_MACSAUD>
</Linha>
<Linha>
  <CO_REGSAUD>21014</CO_REGSAUD>
  <CO_MACSAUD>2110</CO_MACSAUD>
</Linha>
<Linha>
  <CO_REGSAUD>21015</CO_REGSAUD>
  <CO_MACSAUD>2111</CO_MACSAUD>
</Linha>
<Linha>
  <CO_REGSAUD>21016</CO_REGSAUD>
  <CO_MACSAUD>2110</CO_MACSAUD>
</Linha>
<Linha>
  <CO_REGSAUD>21017</CO_REGSAUD>
  <CO_MACSAUD>2111</CO_MACSAUD>
</Linha>
<Linha>
  <CO_REGSAUD>21018</CO_REGSAUD>
  <CO_MACSAUD>2110</CO_MACSAUD>
</Linha>
<Linha>
  <CO_REGSAUD>21019</CO_REGSAUD>
  <CO_MACSAUD>2110</CO_MACSAUD>
</Linha>
<Linha>
  <CO_REGSAUD>22001</CO_REGSAUD>
  <CO_MACSAUD>2208</CO_MACSAUD>
</Linha>
<Linha>
  <CO_REGSAUD>22002</CO_REGSAUD>
  <CO_MACSAUD>2210</CO_MACSAUD>
</Linha>
<Linha>
  <CO_REGSAUD>22003</CO_REGSAUD>
  <CO_MACSAUD>2209</CO_MACSAUD>
</Linha>
<Linha>
  <CO_REGSAUD>22004</CO_REGSAUD>
  <CO_MACSAUD>2208</CO_MACSAUD>
</Linha>
<Linha>
  <CO_REGSAUD>22005</CO_REGSAUD>
  <CO_MACSAUD>2209</CO_MACSAUD>
</Linha>
<Linha>
  <CO_REGSAUD>22006</CO_REGSAUD>
  <CO_MACSAUD>2210</CO_MACSAUD>
</Linha>
<Linha>
  <CO_REGSAUD>22007</CO_REGSAUD>
  <CO_MACSAUD>2210</CO_MACSAUD>
</Linha>
<Linha>
  <CO_REGSAUD>22008</CO_REGSAUD>
  <CO_MACSAUD>2207</CO_MACSAUD>
</Linha>
<Linha>
  <CO_REGSAUD>22009</CO_REGSAUD>
  <CO_MACSAUD>2207</CO_MACSAUD>
</Linha>
<Linha>
  <CO_REGSAUD>22010</CO_REGSAUD>
  <CO_MACSAUD>2207</CO_MACSAUD>
</Linha>
<Linha>
  <CO_REGSAUD>22011</CO_REGSAUD>
  <CO_MACSAUD>2210</CO_MACSAUD>
</Linha>
<Linha>
  <CO_REGSAUD>23001</CO_REGSAUD>
  <CO_MACSAUD>2310</CO_MACSAUD>
</Linha>
<Linha>
  <CO_REGSAUD>23002</CO_REGSAUD>
  <CO_MACSAUD>2310</CO_MACSAUD>
</Linha>
<Linha>
  <CO_REGSAUD>23003</CO_REGSAUD>
  <CO_MACSAUD>2310</CO_MACSAUD>
</Linha>
<Linha>
  <CO_REGSAUD>23004</CO_REGSAUD>
  <CO_MACSAUD>2310</CO_MACSAUD>
</Linha>
<Linha>
  <CO_REGSAUD>23005</CO_REGSAUD>
  <CO_MACSAUD>2307</CO_MACSAUD>
</Linha>
<Linha>
  <CO_REGSAUD>23006</CO_REGSAUD>
  <CO_MACSAUD>2310</CO_MACSAUD>
</Linha>
<Linha>
  <CO_REGSAUD>23007</CO_REGSAUD>
  <CO_MACSAUD>2306</CO_MACSAUD>
</Linha>
<Linha>
  <CO_REGSAUD>23008</CO_REGSAUD>
  <CO_MACSAUD>2307</CO_MACSAUD>
</Linha>
<Linha>
  <CO_REGSAUD>23009</CO_REGSAUD>
  <CO_MACSAUD>2306</CO_MACSAUD>
</Linha>
<Linha>
  <CO_REGSAUD>23010</CO_REGSAUD>
  <CO_MACSAUD>2306</CO_MACSAUD>
</Linha>
<Linha>
  <CO_REGSAUD>23011</CO_REGSAUD>
  <CO_MACSAUD>2309</CO_MACSAUD>
</Linha>
<Linha>
  <CO_REGSAUD>23012</CO_REGSAUD>
  <CO_MACSAUD>2309</CO_MACSAUD>
</Linha>
<Linha>
  <CO_REGSAUD>23013</CO_REGSAUD>
  <CO_MACSAUD>2309</CO_MACSAUD>
</Linha>
<Linha>
  <CO_REGSAUD>23014</CO_REGSAUD>
  <CO_MACSAUD>2307</CO_MACSAUD>
</Linha>
<Linha>
  <CO_REGSAUD>23015</CO_REGSAUD>
  <CO_MACSAUD>2309</CO_MACSAUD>
</Linha>
<Linha>
  <CO_REGSAUD>23016</CO_REGSAUD>
  <CO_MACSAUD>2309</CO_MACSAUD>
</Linha>
<Linha>
  <CO_REGSAUD>23017</CO_REGSAUD>
  <CO_MACSAUD>2308</CO_MACSAUD>
</Linha>
<Linha>
  <CO_REGSAUD>23018</CO_REGSAUD>
  <CO_MACSAUD>2308</CO_MACSAUD>
</Linha>
<Linha>
  <CO_REGSAUD>23019</CO_REGSAUD>
  <CO_MACSAUD>2308</CO_MACSAUD>
</Linha>
<Linha>
  <CO_REGSAUD>23020</CO_REGSAUD>
  <CO_MACSAUD>2308</CO_MACSAUD>
</Linha>
<Linha>
  <CO_REGSAUD>23021</CO_REGSAUD>
  <CO_MACSAUD>2308</CO_MACSAUD>
</Linha>
<Linha>
  <CO_REGSAUD>23022</CO_REGSAUD>
  <CO_MACSAUD>2310</CO_MACSAUD>
</Linha>
<Linha>
  <CO_REGSAUD>24001</CO_REGSAUD>
  <CO_MACSAUD>2402</CO_MACSAUD>
</Linha>
<Linha>
  <CO_REGSAUD>24002</CO_REGSAUD>
  <CO_MACSAUD>2401</CO_MACSAUD>
</Linha>
<Linha>
  <CO_REGSAUD>24003</CO_REGSAUD>
  <CO_MACSAUD>2402</CO_MACSAUD>
</Linha>
<Linha>
  <CO_REGSAUD>24004</CO_REGSAUD>
  <CO_MACSAUD>2402</CO_MACSAUD>
</Linha>
<Linha>
  <CO_REGSAUD>24005</CO_REGSAUD>
  <CO_MACSAUD>2402</CO_MACSAUD>
</Linha>
<Linha>
  <CO_REGSAUD>24006</CO_REGSAUD>
  <CO_MACSAUD>2401</CO_MACSAUD>
</Linha>
<Linha>
  <CO_REGSAUD>24007</CO_REGSAUD>
  <CO_MACSAUD>2402</CO_MACSAUD>
</Linha>
<Linha>
  <CO_REGSAUD>24008</CO_REGSAUD>
  <CO_MACSAUD>2401</CO_MACSAUD>
</Linha>
<Linha>
  <CO_REGSAUD>25001</CO_REGSAUD>
  <CO_MACSAUD>2503</CO_MACSAUD>
</Linha>
<Linha>
  <CO_REGSAUD>25002</CO_REGSAUD>
  <CO_MACSAUD>2503</CO_MACSAUD>
</Linha>
<Linha>
  <CO_REGSAUD>25003</CO_REGSAUD>
  <CO_MACSAUD>2502</CO_MACSAUD>
</Linha>
<Linha>
  <CO_REGSAUD>25004</CO_REGSAUD>
  <CO_MACSAUD>2502</CO_MACSAUD>
</Linha>
<Linha>
  <CO_REGSAUD>25005</CO_REGSAUD>
  <CO_MACSAUD>2502</CO_MACSAUD>
</Linha>
<Linha>
  <CO_REGSAUD>25006</CO_REGSAUD>
  <CO_MACSAUD>2501</CO_MACSAUD>
</Linha>
<Linha>
  <CO_REGSAUD>25007</CO_REGSAUD>
  <CO_MACSAUD>2501</CO_MACSAUD>
</Linha>
<Linha>
  <CO_REGSAUD>25008</CO_REGSAUD>
  <CO_MACSAUD>2501</CO_MACSAUD>
</Linha>
<Linha>
  <CO_REGSAUD>25009</CO_REGSAUD>
  <CO_MACSAUD>2501</CO_MACSAUD>
</Linha>
<Linha>
  <CO_REGSAUD>25010</CO_REGSAUD>
  <CO_MACSAUD>2501</CO_MACSAUD>
</Linha>
<Linha>
  <CO_REGSAUD>25011</CO_REGSAUD>
  <CO_MACSAUD>2501</CO_MACSAUD>
</Linha>
<Linha>
  <CO_REGSAUD>25012</CO_REGSAUD>
  <CO_MACSAUD>2503</CO_MACSAUD>
</Linha>
<Linha>
  <CO_REGSAUD>25013</CO_REGSAUD>
  <CO_MACSAUD>2501</CO_MACSAUD>
</Linha>
<Linha>
  <CO_REGSAUD>25014</CO_REGSAUD>
  <CO_MACSAUD>2503</CO_MACSAUD>
</Linha>
<Linha>
  <CO_REGSAUD>25015</CO_REGSAUD>
  <CO_MACSAUD>2502</CO_MACSAUD>
</Linha>
<Linha>
  <CO_REGSAUD>25016</CO_REGSAUD>
  <CO_MACSAUD>2502</CO_MACSAUD>
</Linha>
<Linha>
  <CO_REGSAUD>26001</CO_REGSAUD>
  <CO_MACSAUD>2606</CO_MACSAUD>
</Linha>
<Linha>
  <CO_REGSAUD>26002</CO_REGSAUD>
  <CO_MACSAUD>2606</CO_MACSAUD>
</Linha>
<Linha>
  <CO_REGSAUD>26003</CO_REGSAUD>
  <CO_MACSAUD>2608</CO_MACSAUD>
</Linha>
<Linha>
  <CO_REGSAUD>26004</CO_REGSAUD>
  <CO_MACSAUD>2608</CO_MACSAUD>
</Linha>
<Linha>
  <CO_REGSAUD>26005</CO_REGSAUD>
  <CO_MACSAUD>2607</CO_MACSAUD>
</Linha>
<Linha>
  <CO_REGSAUD>26006</CO_REGSAUD>
  <CO_MACSAUD>2607</CO_MACSAUD>
</Linha>
<Linha>
  <CO_REGSAUD>26007</CO_REGSAUD>
  <CO_MACSAUD>2605</CO_MACSAUD>
</Linha>
<Linha>
  <CO_REGSAUD>26008</CO_REGSAUD>
  <CO_MACSAUD>2607</CO_MACSAUD>
</Linha>
<Linha>
  <CO_REGSAUD>26009</CO_REGSAUD>
  <CO_MACSAUD>2605</CO_MACSAUD>
</Linha>
<Linha>
  <CO_REGSAUD>26010</CO_REGSAUD>
  <CO_MACSAUD>2607</CO_MACSAUD>
</Linha>
<Linha>
  <CO_REGSAUD>26011</CO_REGSAUD>
  <CO_MACSAUD>2605</CO_MACSAUD>
</Linha>
<Linha>
  <CO_REGSAUD>26012</CO_REGSAUD>
  <CO_MACSAUD>2606</CO_MACSAUD>
</Linha>
<Linha>
  <CO_REGSAUD>27001</CO_REGSAUD>
  <CO_MACSAUD>2704</CO_MACSAUD>
</Linha>
<Linha>
  <CO_REGSAUD>27002</CO_REGSAUD>
  <CO_MACSAUD>2704</CO_MACSAUD>
</Linha>
<Linha>
  <CO_REGSAUD>27003</CO_REGSAUD>
  <CO_MACSAUD>2704</CO_MACSAUD>
</Linha>
<Linha>
  <CO_REGSAUD>27004</CO_REGSAUD>
  <CO_MACSAUD>2704</CO_MACSAUD>
</Linha>
<Linha>
  <CO_REGSAUD>27005</CO_REGSAUD>
  <CO_MACSAUD>2704</CO_MACSAUD>
</Linha>
<Linha>
  <CO_REGSAUD>27006</CO_REGSAUD>
  <CO_MACSAUD>2704</CO_MACSAUD>
</Linha>
<Linha>
  <CO_REGSAUD>27007</CO_REGSAUD>
  <CO_MACSAUD>2703</CO_MACSAUD>
</Linha>
<Linha>
  <CO_REGSAUD>27008</CO_REGSAUD>
  <CO_MACSAUD>2703</CO_MACSAUD>
</Linha>
<Linha>
  <CO_REGSAUD>27009</CO_REGSAUD>
  <CO_MACSAUD>2703</CO_MACSAUD>
</Linha>
<Linha>
  <CO_REGSAUD>27010</CO_REGSAUD>
  <CO_MACSAUD>2703</CO_MACSAUD>
</Linha>
<Linha>
  <CO_REGSAUD>28001</CO_REGSAUD>
  <CO_MACSAUD>2801</CO_MACSAUD>
</Linha>
<Linha>
  <CO_REGSAUD>28002</CO_REGSAUD>
  <CO_MACSAUD>2801</CO_MACSAUD>
</Linha>
<Linha>
  <CO_REGSAUD>28003</CO_REGSAUD>
  <CO_MACSAUD>2801</CO_MACSAUD>
</Linha>
<Linha>
  <CO_REGSAUD>28004</CO_REGSAUD>
  <CO_MACSAUD>2801</CO_MACSAUD>
</Linha>
<Linha>
  <CO_REGSAUD>28005</CO_REGSAUD>
  <CO_MACSAUD>2801</CO_MACSAUD>
</Linha>
<Linha>
  <CO_REGSAUD>28006</CO_REGSAUD>
  <CO_MACSAUD>2801</CO_MACSAUD>
</Linha>
<Linha>
  <CO_REGSAUD>28007</CO_REGSAUD>
  <CO_MACSAUD>2801</CO_MACSAUD>
</Linha>
<Linha>
  <CO_REGSAUD>29001</CO_REGSAUD>
  <CO_MACSAUD>2914</CO_MACSAUD>
</Linha>
<Linha>
  <CO_REGSAUD>29002</CO_REGSAUD>
  <CO_MACSAUD>2912</CO_MACSAUD>
</Linha>
<Linha>
  <CO_REGSAUD>29003</CO_REGSAUD>
  <CO_MACSAUD>2911</CO_MACSAUD>
</Linha>
<Linha>
  <CO_REGSAUD>29004</CO_REGSAUD>
  <CO_MACSAUD>2915</CO_MACSAUD>
</Linha>
<Linha>
  <CO_REGSAUD>29005</CO_REGSAUD>
  <CO_MACSAUD>2915</CO_MACSAUD>
</Linha>
<Linha>
  <CO_REGSAUD>29006</CO_REGSAUD>
  <CO_MACSAUD>2917</CO_MACSAUD>
</Linha>
<Linha>
  <CO_REGSAUD>29007</CO_REGSAUD>
  <CO_MACSAUD>2911</CO_MACSAUD>
</Linha>
<Linha>
  <CO_REGSAUD>29008</CO_REGSAUD>
  <CO_MACSAUD>2912</CO_MACSAUD>
</Linha>
<Linha>
  <CO_REGSAUD>29009</CO_REGSAUD>
  <CO_MACSAUD>2910</CO_MACSAUD>
</Linha>
<Linha>
  <CO_REGSAUD>29010</CO_REGSAUD>
  <CO_MACSAUD>2918</CO_MACSAUD>
</Linha>
<Linha>
  <CO_REGSAUD>29011</CO_REGSAUD>
  <CO_MACSAUD>2917</CO_MACSAUD>
</Linha>
<Linha>
  <CO_REGSAUD>29012</CO_REGSAUD>
  <CO_MACSAUD>2910</CO_MACSAUD>
</Linha>
<Linha>
  <CO_REGSAUD>29013</CO_REGSAUD>
  <CO_MACSAUD>2911</CO_MACSAUD>
</Linha>
<Linha>
  <CO_REGSAUD>29014</CO_REGSAUD>
  <CO_MACSAUD>2918</CO_MACSAUD>
</Linha>
<Linha>
  <CO_REGSAUD>29015</CO_REGSAUD>
  <CO_MACSAUD>2910</CO_MACSAUD>
</Linha>
<Linha>
  <CO_REGSAUD>29016</CO_REGSAUD>
  <CO_MACSAUD>2913</CO_MACSAUD>
</Linha>
<Linha>
  <CO_REGSAUD>29017</CO_REGSAUD>
  <CO_MACSAUD>2913</CO_MACSAUD>
</Linha>
<Linha>
  <CO_REGSAUD>29018</CO_REGSAUD>
  <CO_MACSAUD>2916</CO_MACSAUD>
</Linha>
<Linha>
  <CO_REGSAUD>29019</CO_REGSAUD>
  <CO_MACSAUD>2914</CO_MACSAUD>
</Linha>
<Linha>
  <CO_REGSAUD>29020</CO_REGSAUD>
  <CO_MACSAUD>2915</CO_MACSAUD>
</Linha>
<Linha>
  <CO_REGSAUD>29021</CO_REGSAUD>
  <CO_MACSAUD>2912</CO_MACSAUD>
</Linha>
<Linha>
  <CO_REGSAUD>29022</CO_REGSAUD>
  <CO_MACSAUD>2915</CO_MACSAUD>
</Linha>
<Linha>
  <CO_REGSAUD>29023</CO_REGSAUD>
  <CO_MACSAUD>2917</CO_MACSAUD>
</Linha>
<Linha>
  <CO_REGSAUD>29024</CO_REGSAUD>
  <CO_MACSAUD>2913</CO_MACSAUD>
</Linha>
<Linha>
  <CO_REGSAUD>29025</CO_REGSAUD>
  <CO_MACSAUD>2917</CO_MACSAUD>
</Linha>
<Linha>
  <CO_REGSAUD>29026</CO_REGSAUD>
  <CO_MACSAUD>2916</CO_MACSAUD>
</Linha>
<Linha>
  <CO_REGSAUD>29027</CO_REGSAUD>
  <CO_MACSAUD>2910</CO_MACSAUD>
</Linha>
<Linha>
  <CO_REGSAUD>29028</CO_REGSAUD>
  <CO_MACSAUD>2911</CO_MACSAUD>
</Linha>
<Linha>
  <CO_REGSAUD>31001</CO_REGSAUD>
  <CO_MACSAUD>3101</CO_MACSAUD>
</Linha>
<Linha>
  <CO_REGSAUD>31002</CO_REGSAUD>
  <CO_MACSAUD>3101</CO_MACSAUD>
</Linha>
<Linha>
  <CO_REGSAUD>31003</CO_REGSAUD>
  <CO_MACSAUD>3101</CO_MACSAUD>
</Linha>
<Linha>
  <CO_REGSAUD>31004</CO_REGSAUD>
  <CO_MACSAUD>3101</CO_MACSAUD>
</Linha>
<Linha>
  <CO_REGSAUD>31006</CO_REGSAUD>
  <CO_MACSAUD>3101</CO_MACSAUD>
</Linha>
<Linha>
  <CO_REGSAUD>31007</CO_REGSAUD>
  <CO_MACSAUD>3101</CO_MACSAUD>
</Linha>
<Linha>
  <CO_REGSAUD>31008</CO_REGSAUD>
  <CO_MACSAUD>3101</CO_MACSAUD>
</Linha>
<Linha>
  <CO_REGSAUD>31009</CO_REGSAUD>
  <CO_MACSAUD>3101</CO_MACSAUD>
</Linha>
<Linha>
  <CO_REGSAUD>31010</CO_REGSAUD>
  <CO_MACSAUD>3101</CO_MACSAUD>
</Linha>
<Linha>
  <CO_REGSAUD>31011</CO_REGSAUD>
  <CO_MACSAUD>3101</CO_MACSAUD>
</Linha>
<Linha>
  <CO_REGSAUD>31012</CO_REGSAUD>
  <CO_MACSAUD>3101</CO_MACSAUD>
</Linha>
<Linha>
  <CO_REGSAUD>31013</CO_REGSAUD>
  <CO_MACSAUD>3102</CO_MACSAUD>
</Linha>
<Linha>
  <CO_REGSAUD>31015</CO_REGSAUD>
  <CO_MACSAUD>3102</CO_MACSAUD>
</Linha>
<Linha>
  <CO_REGSAUD>31016</CO_REGSAUD>
  <CO_MACSAUD>3103</CO_MACSAUD>
</Linha>
<Linha>
  <CO_REGSAUD>31017</CO_REGSAUD>
  <CO_MACSAUD>3103</CO_MACSAUD>
</Linha>
<Linha>
  <CO_REGSAUD>31018</CO_REGSAUD>
  <CO_MACSAUD>3103</CO_MACSAUD>
</Linha>
<Linha>
  <CO_REGSAUD>31019</CO_REGSAUD>
  <CO_MACSAUD>3103</CO_MACSAUD>
</Linha>
<Linha>
  <CO_REGSAUD>31020</CO_REGSAUD>
  <CO_MACSAUD>3103</CO_MACSAUD>
</Linha>
<Linha>
  <CO_REGSAUD>31021</CO_REGSAUD>
  <CO_MACSAUD>3103</CO_MACSAUD>
</Linha>
<Linha>
  <CO_REGSAUD>31022</CO_REGSAUD>
  <CO_MACSAUD>3103</CO_MACSAUD>
</Linha>
<Linha>
  <CO_REGSAUD>31023</CO_REGSAUD>
  <CO_MACSAUD>3103</CO_MACSAUD>
</Linha>
<Linha>
  <CO_REGSAUD>31024</CO_REGSAUD>
  <CO_MACSAUD>3103</CO_MACSAUD>
</Linha>
<Linha>
  <CO_REGSAUD>31025</CO_REGSAUD>
  <CO_MACSAUD>3103</CO_MACSAUD>
</Linha>
<Linha>
  <CO_REGSAUD>31026</CO_REGSAUD>
  <CO_MACSAUD>3104</CO_MACSAUD>
</Linha>
<Linha>
  <CO_REGSAUD>31027</CO_REGSAUD>
  <CO_MACSAUD>3104</CO_MACSAUD>
</Linha>
<Linha>
  <CO_REGSAUD>31028</CO_REGSAUD>
  <CO_MACSAUD>3105</CO_MACSAUD>
</Linha>
<Linha>
  <CO_REGSAUD>31030</CO_REGSAUD>
  <CO_MACSAUD>3105</CO_MACSAUD>
</Linha>
<Linha>
  <CO_REGSAUD>31031</CO_REGSAUD>
  <CO_MACSAUD>3105</CO_MACSAUD>
</Linha>
<Linha>
  <CO_REGSAUD>31032</CO_REGSAUD>
  <CO_MACSAUD>3105</CO_MACSAUD>
</Linha>
<Linha>
  <CO_REGSAUD>31034</CO_REGSAUD>
  <CO_MACSAUD>3114</CO_MACSAUD>
</Linha>
<Linha>
  <CO_REGSAUD>31035</CO_REGSAUD>
  <CO_MACSAUD>3114</CO_MACSAUD>
</Linha>
<Linha>
  <CO_REGSAUD>31036</CO_REGSAUD>
  <CO_MACSAUD>3106</CO_MACSAUD>
</Linha>
<Linha>
  <CO_REGSAUD>31037</CO_REGSAUD>
  <CO_MACSAUD>3114</CO_MACSAUD>
</Linha>
<Linha>
  <CO_REGSAUD>31038</CO_REGSAUD>
  <CO_MACSAUD>3106</CO_MACSAUD>
</Linha>
<Linha>
  <CO_REGSAUD>31040</CO_REGSAUD>
  <CO_MACSAUD>3106</CO_MACSAUD>
</Linha>
<Linha>
  <CO_REGSAUD>31041</CO_REGSAUD>
  <CO_MACSAUD>3107</CO_MACSAUD>
</Linha>
<Linha>
  <CO_REGSAUD>31042</CO_REGSAUD>
  <CO_MACSAUD>3107</CO_MACSAUD>
</Linha>
<Linha>
  <CO_REGSAUD>31044</CO_REGSAUD>
  <CO_MACSAUD>3107</CO_MACSAUD>
</Linha>
<Linha>
  <CO_REGSAUD>31045</CO_REGSAUD>
  <CO_MACSAUD>3107</CO_MACSAUD>
</Linha>
<Linha>
  <CO_REGSAUD>31046</CO_REGSAUD>
  <CO_MACSAUD>3107</CO_MACSAUD>
</Linha>
<Linha>
  <CO_REGSAUD>31047</CO_REGSAUD>
  <CO_MACSAUD>3107</CO_MACSAUD>
</Linha>
<Linha>
  <CO_REGSAUD>31048</CO_REGSAUD>
  <CO_MACSAUD>3107</CO_MACSAUD>
</Linha>
<Linha>
  <CO_REGSAUD>31049</CO_REGSAUD>
  <CO_MACSAUD>3108</CO_MACSAUD>
</Linha>
<Linha>
  <CO_REGSAUD>31050</CO_REGSAUD>
  <CO_MACSAUD>3108</CO_MACSAUD>
</Linha>
<Linha>
  <CO_REGSAUD>31051</CO_REGSAUD>
  <CO_MACSAUD>3108</CO_MACSAUD>
</Linha>
<Linha>
  <CO_REGSAUD>31052</CO_REGSAUD>
  <CO_MACSAUD>3108</CO_MACSAUD>
</Linha>
<Linha>
  <CO_REGSAUD>31053</CO_REGSAUD>
  <CO_MACSAUD>3108</CO_MACSAUD>
</Linha>
<Linha>
  <CO_REGSAUD>31055</CO_REGSAUD>
  <CO_MACSAUD>3108</CO_MACSAUD>
</Linha>
<Linha>
  <CO_REGSAUD>31057</CO_REGSAUD>
  <CO_MACSAUD>3109</CO_MACSAUD>
</Linha>
<Linha>
  <CO_REGSAUD>31058</CO_REGSAUD>
  <CO_MACSAUD>3109</CO_MACSAUD>
</Linha>
<Linha>
  <CO_REGSAUD>31059</CO_REGSAUD>
  <CO_MACSAUD>3110</CO_MACSAUD>
</Linha>
<Linha>
  <CO_REGSAUD>31060</CO_REGSAUD>
  <CO_MACSAUD>3110</CO_MACSAUD>
</Linha>
<Linha>
  <CO_REGSAUD>31061</CO_REGSAUD>
  <CO_MACSAUD>3110</CO_MACSAUD>
</Linha>
<Linha>
  <CO_REGSAUD>31062</CO_REGSAUD>
  <CO_MACSAUD>3111</CO_MACSAUD>
</Linha>
<Linha>
  <CO_REGSAUD>31064</CO_REGSAUD>
  <CO_MACSAUD>3104</CO_MACSAUD>
</Linha>
<Linha>
  <CO_REGSAUD>31065</CO_REGSAUD>
  <CO_MACSAUD>3111</CO_MACSAUD>
</Linha>
<Linha>
  <CO_REGSAUD>31066</CO_REGSAUD>
  <CO_MACSAUD>3111</CO_MACSAUD>
</Linha>
<Linha>
  <CO_REGSAUD>31067</CO_REGSAUD>
  <CO_MACSAUD>3111</CO_MACSAUD>
</Linha>
<Linha>
  <CO_REGSAUD>31068</CO_REGSAUD>
  <CO_MACSAUD>3111</CO_MACSAUD>
</Linha>
<Linha>
  <CO_REGSAUD>31070</CO_REGSAUD>
  <CO_MACSAUD>3112</CO_MACSAUD>
</Linha>
<Linha>
  <CO_REGSAUD>31071</CO_REGSAUD>
  <CO_MACSAUD>3112</CO_MACSAUD>
</Linha>
<Linha>
  <CO_REGSAUD>31072</CO_REGSAUD>
  <CO_MACSAUD>3112</CO_MACSAUD>
</Linha>
<Linha>
  <CO_REGSAUD>31073</CO_REGSAUD>
  <CO_MACSAUD>3113</CO_MACSAUD>
</Linha>
<Linha>
  <CO_REGSAUD>31074</CO_REGSAUD>
  <CO_MACSAUD>3113</CO_MACSAUD>
</Linha>
<Linha>
  <CO_REGSAUD>31075</CO_REGSAUD>
  <CO_MACSAUD>3113</CO_MACSAUD>
</Linha>
<Linha>
  <CO_REGSAUD>31076</CO_REGSAUD>
  <CO_MACSAUD>3108</CO_MACSAUD>
</Linha>
<Linha>
  <CO_REGSAUD>31077</CO_REGSAUD>
  <CO_MACSAUD>3109</CO_MACSAUD>
</Linha>
<Linha>
  <CO_REGSAUD>31078</CO_REGSAUD>
  <CO_MACSAUD>3102</CO_MACSAUD>
</Linha>
<Linha>
  <CO_REGSAUD>31079</CO_REGSAUD>
  <CO_MACSAUD>3102</CO_MACSAUD>
</Linha>
<Linha>
  <CO_REGSAUD>31080</CO_REGSAUD>
  <CO_MACSAUD>3106</CO_MACSAUD>
</Linha>
<Linha>
  <CO_REGSAUD>31081</CO_REGSAUD>
  <CO_MACSAUD>3106</CO_MACSAUD>
</Linha>
<Linha>
  <CO_REGSAUD>31082</CO_REGSAUD>
  <CO_MACSAUD>3109</CO_MACSAUD>
</Linha>
<Linha>
  <CO_REGSAUD>31083</CO_REGSAUD>
  <CO_MACSAUD>3108</CO_MACSAUD>
</Linha>
<Linha>
  <CO_REGSAUD>31084</CO_REGSAUD>
  <CO_MACSAUD>3108</CO_MACSAUD>
</Linha>
<Linha>
  <CO_REGSAUD>31085</CO_REGSAUD>
  <CO_MACSAUD>3108</CO_MACSAUD>
</Linha>
<Linha>
  <CO_REGSAUD>31086</CO_REGSAUD>
  <CO_MACSAUD>3105</CO_MACSAUD>
</Linha>
<Linha>
  <CO_REGSAUD>31087</CO_REGSAUD>
  <CO_MACSAUD>3105</CO_MACSAUD>
</Linha>
<Linha>
  <CO_REGSAUD>31088</CO_REGSAUD>
  <CO_MACSAUD>3105</CO_MACSAUD>
</Linha>
<Linha>
  <CO_REGSAUD>31089</CO_REGSAUD>
  <CO_MACSAUD>3105</CO_MACSAUD>
</Linha>
<Linha>
  <CO_REGSAUD>31090</CO_REGSAUD>
  <CO_MACSAUD>3107</CO_MACSAUD>
</Linha>
<Linha>
  <CO_REGSAUD>31091</CO_REGSAUD>
  <CO_MACSAUD>3101</CO_MACSAUD>
</Linha>
<Linha>
  <CO_REGSAUD>31092</CO_REGSAUD>
  <CO_MACSAUD>3101</CO_MACSAUD>
</Linha>
<Linha>
  <CO_REGSAUD>31093</CO_REGSAUD>
  <CO_MACSAUD>3101</CO_MACSAUD>
</Linha>
<Linha>
  <CO_REGSAUD>31094</CO_REGSAUD>
  <CO_MACSAUD>3111</CO_MACSAUD>
</Linha>
<Linha>
  <CO_REGSAUD>31095</CO_REGSAUD>
  <CO_MACSAUD>3104</CO_MACSAUD>
</Linha>
<Linha>
  <CO_REGSAUD>31096</CO_REGSAUD>
  <CO_MACSAUD>3111</CO_MACSAUD>
</Linha>
<Linha>
  <CO_REGSAUD>31097</CO_REGSAUD>
  <CO_MACSAUD>3107</CO_MACSAUD>
</Linha>
<Linha>
  <CO_REGSAUD>31098</CO_REGSAUD>
  <CO_MACSAUD>3108</CO_MACSAUD>
</Linha>
<Linha>
  <CO_REGSAUD>31099</CO_REGSAUD>
  <CO_MACSAUD>3111</CO_MACSAUD>
</Linha>
<Linha>
  <CO_REGSAUD>32001</CO_REGSAUD>
  <CO_MACSAUD>3208</CO_MACSAUD>
</Linha>
<Linha>
  <CO_REGSAUD>32002</CO_REGSAUD>
  <CO_MACSAUD>3207</CO_MACSAUD>
</Linha>
<Linha>
  <CO_REGSAUD>32003</CO_REGSAUD>
  <CO_MACSAUD>3206</CO_MACSAUD>
</Linha>
<Linha>
  <CO_REGSAUD>32004</CO_REGSAUD>
  <CO_MACSAUD>3205</CO_MACSAUD>
</Linha>
<Linha>
  <CO_REGSAUD>33001</CO_REGSAUD>
  <CO_MACSAUD>3312</CO_MACSAUD>
</Linha>
<Linha>
  <CO_REGSAUD>33002</CO_REGSAUD>
  <CO_MACSAUD>3310</CO_MACSAUD>
</Linha>
<Linha>
  <CO_REGSAUD>33003</CO_REGSAUD>
  <CO_MACSAUD>3312</CO_MACSAUD>
</Linha>
<Linha>
  <CO_REGSAUD>33004</CO_REGSAUD>
  <CO_MACSAUD>3312</CO_MACSAUD>
</Linha>
<Linha>
  <CO_REGSAUD>33005</CO_REGSAUD>
  <CO_MACSAUD>3311</CO_MACSAUD>
</Linha>
<Linha>
  <CO_REGSAUD>33006</CO_REGSAUD>
  <CO_MACSAUD>3311</CO_MACSAUD>
</Linha>
<Linha>
  <CO_REGSAUD>33007</CO_REGSAUD>
  <CO_MACSAUD>3310</CO_MACSAUD>
</Linha>
<Linha>
  <CO_REGSAUD>33008</CO_REGSAUD>
  <CO_MACSAUD>3310</CO_MACSAUD>
</Linha>
<Linha>
  <CO_REGSAUD>33009</CO_REGSAUD>
  <CO_MACSAUD>3311</CO_MACSAUD>
</Linha>
<Linha>
  <CO_REGSAUD>35011</CO_REGSAUD>
  <CO_MACSAUD>3525</CO_MACSAUD>
</Linha>
<Linha>
  <CO_REGSAUD>35012</CO_REGSAUD>
  <CO_MACSAUD>3524</CO_MACSAUD>
</Linha>
<Linha>
  <CO_REGSAUD>35013</CO_REGSAUD>
  <CO_MACSAUD>3523</CO_MACSAUD>
</Linha>
<Linha>
  <CO_REGSAUD>35014</CO_REGSAUD>
  <CO_MACSAUD>3522</CO_MACSAUD>
</Linha>
<Linha>
  <CO_REGSAUD>35015</CO_REGSAUD>
  <CO_MACSAUD>3534</CO_MACSAUD>
</Linha>
<Linha>
  <CO_REGSAUD>35016</CO_REGSAUD>
  <CO_MACSAUD>3521</CO_MACSAUD>
</Linha>
<Linha>
  <CO_REGSAUD>35021</CO_REGSAUD>
  <CO_MACSAUD>3531</CO_MACSAUD>
</Linha>
<Linha>
  <CO_REGSAUD>35022</CO_REGSAUD>
  <CO_MACSAUD>3531</CO_MACSAUD>
</Linha>
<Linha>
  <CO_REGSAUD>35023</CO_REGSAUD>
  <CO_MACSAUD>3531</CO_MACSAUD>
</Linha>
<Linha>
  <CO_REGSAUD>35031</CO_REGSAUD>
  <CO_MACSAUD>3530</CO_MACSAUD>
</Linha>
<Linha>
  <CO_REGSAUD>35032</CO_REGSAUD>
  <CO_MACSAUD>3530</CO_MACSAUD>
</Linha>
<Linha>
  <CO_REGSAUD>35033</CO_REGSAUD>
  <CO_MACSAUD>3530</CO_MACSAUD>
</Linha>
<Linha>
  <CO_REGSAUD>35034</CO_REGSAUD>
  <CO_MACSAUD>3530</CO_MACSAUD>
</Linha>
<Linha>
  <CO_REGSAUD>35041</CO_REGSAUD>
  <CO_MACSAUD>3520</CO_MACSAUD>
</Linha>
<Linha>
  <CO_REGSAUD>35051</CO_REGSAUD>
  <CO_MACSAUD>3530</CO_MACSAUD>
</Linha>
<Linha>
  <CO_REGSAUD>35052</CO_REGSAUD>
  <CO_MACSAUD>3530</CO_MACSAUD>
</Linha>
<Linha>
  <CO_REGSAUD>35061</CO_REGSAUD>
  <CO_MACSAUD>3518</CO_MACSAUD>
</Linha>
<Linha>
  <CO_REGSAUD>35062</CO_REGSAUD>
  <CO_MACSAUD>3518</CO_MACSAUD>
</Linha>
<Linha>
  <CO_REGSAUD>35063</CO_REGSAUD>
  <CO_MACSAUD>3518</CO_MACSAUD>
</Linha>
<Linha>
  <CO_REGSAUD>35064</CO_REGSAUD>
  <CO_MACSAUD>3518</CO_MACSAUD>
</Linha>
<Linha>
  <CO_REGSAUD>35065</CO_REGSAUD>
  <CO_MACSAUD>3518</CO_MACSAUD>
</Linha>
<Linha>
  <CO_REGSAUD>35071</CO_REGSAUD>
  <CO_MACSAUD>3527</CO_MACSAUD>
</Linha>
<Linha>
  <CO_REGSAUD>35072</CO_REGSAUD>
  <CO_MACSAUD>3528</CO_MACSAUD>
</Linha>
<Linha>
  <CO_REGSAUD>35073</CO_REGSAUD>
  <CO_MACSAUD>3527</CO_MACSAUD>
</Linha>
<Linha>
  <CO_REGSAUD>35074</CO_REGSAUD>
  <CO_MACSAUD>3528</CO_MACSAUD>
</Linha>
<Linha>
  <CO_REGSAUD>35081</CO_REGSAUD>
  <CO_MACSAUD>3530</CO_MACSAUD>
</Linha>
<Linha>
  <CO_REGSAUD>35082</CO_REGSAUD>
  <CO_MACSAUD>3530</CO_MACSAUD>
</Linha>
<Linha>
  <CO_REGSAUD>35083</CO_REGSAUD>
  <CO_MACSAUD>3530</CO_MACSAUD>
</Linha>
<Linha>
  <CO_REGSAUD>35091</CO_REGSAUD>
  <CO_MACSAUD>3533</CO_MACSAUD>
</Linha>
<Linha>
  <CO_REGSAUD>35092</CO_REGSAUD>
  <CO_MACSAUD>3533</CO_MACSAUD>
</Linha>
<Linha>
  <CO_REGSAUD>35093</CO_REGSAUD>
  <CO_MACSAUD>3533</CO_MACSAUD>
</Linha>
<Linha>
  <CO_REGSAUD>35094</CO_REGSAUD>
  <CO_MACSAUD>3533</CO_MACSAUD>
</Linha>
<Linha>
  <CO_REGSAUD>35095</CO_REGSAUD>
  <CO_MACSAUD>3533</CO_MACSAUD>
</Linha>
<Linha>
  <CO_REGSAUD>35101</CO_REGSAUD>
  <CO_MACSAUD>3529</CO_MACSAUD>
</Linha>
<Linha>
  <CO_REGSAUD>35102</CO_REGSAUD>
  <CO_MACSAUD>3529</CO_MACSAUD>
</Linha>
<Linha>
  <CO_REGSAUD>35103</CO_REGSAUD>
  <CO_MACSAUD>3529</CO_MACSAUD>
</Linha>
<Linha>
  <CO_REGSAUD>35104</CO_REGSAUD>
  <CO_MACSAUD>3529</CO_MACSAUD>
</Linha>
<Linha>
  <CO_REGSAUD>35111</CO_REGSAUD>
  <CO_MACSAUD>3532</CO_MACSAUD>
</Linha>
<Linha>
  <CO_REGSAUD>35112</CO_REGSAUD>
  <CO_MACSAUD>3532</CO_MACSAUD>
</Linha>
<Linha>
  <CO_REGSAUD>35113</CO_REGSAUD>
  <CO_MACSAUD>3532</CO_MACSAUD>
</Linha>
<Linha>
  <CO_REGSAUD>35114</CO_REGSAUD>
  <CO_MACSAUD>3532</CO_MACSAUD>
</Linha>
<Linha>
  <CO_REGSAUD>35115</CO_REGSAUD>
  <CO_MACSAUD>3532</CO_MACSAUD>
</Linha>
<Linha>
  <CO_REGSAUD>35121</CO_REGSAUD>
  <CO_MACSAUD>3520</CO_MACSAUD>
</Linha>
<Linha>
  <CO_REGSAUD>35131</CO_REGSAUD>
  <CO_MACSAUD>3530</CO_MACSAUD>
</Linha>
<Linha>
  <CO_REGSAUD>35132</CO_REGSAUD>
  <CO_MACSAUD>3530</CO_MACSAUD>
</Linha>
<Linha>
  <CO_REGSAUD>35133</CO_REGSAUD>
  <CO_MACSAUD>3530</CO_MACSAUD>
</Linha>
<Linha>
  <CO_REGSAUD>35141</CO_REGSAUD>
  <CO_MACSAUD>3528</CO_MACSAUD>
</Linha>
<Linha>
  <CO_REGSAUD>35142</CO_REGSAUD>
  <CO_MACSAUD>3528</CO_MACSAUD>
</Linha>
<Linha>
  <CO_REGSAUD>35143</CO_REGSAUD>
  <CO_MACSAUD>3528</CO_MACSAUD>
</Linha>
<Linha>
  <CO_REGSAUD>35151</CO_REGSAUD>
  <CO_MACSAUD>3531</CO_MACSAUD>
</Linha>
<Linha>
  <CO_REGSAUD>35152</CO_REGSAUD>
  <CO_MACSAUD>3531</CO_MACSAUD>
</Linha>
<Linha>
  <CO_REGSAUD>35153</CO_REGSAUD>
  <CO_MACSAUD>3531</CO_MACSAUD>
</Linha>
<Linha>
  <CO_REGSAUD>35154</CO_REGSAUD>
  <CO_MACSAUD>3531</CO_MACSAUD>
</Linha>
<Linha>
  <CO_REGSAUD>35155</CO_REGSAUD>
  <CO_MACSAUD>3531</CO_MACSAUD>
</Linha>
<Linha>
  <CO_REGSAUD>35156</CO_REGSAUD>
  <CO_MACSAUD>3531</CO_MACSAUD>
</Linha>
<Linha>
  <CO_REGSAUD>35157</CO_REGSAUD>
  <CO_MACSAUD>3531</CO_MACSAUD>
</Linha>
<Linha>
  <CO_REGSAUD>35161</CO_REGSAUD>
  <CO_MACSAUD>3519</CO_MACSAUD>
</Linha>
<Linha>
  <CO_REGSAUD>35162</CO_REGSAUD>
  <CO_MACSAUD>3519</CO_MACSAUD>
</Linha>
<Linha>
  <CO_REGSAUD>35163</CO_REGSAUD>
  <CO_MACSAUD>3519</CO_MACSAUD>
</Linha>
<Linha>
  <CO_REGSAUD>35171</CO_REGSAUD>
  <CO_MACSAUD>3526</CO_MACSAUD>
</Linha>
<Linha>
  <CO_REGSAUD>35172</CO_REGSAUD>
  <CO_MACSAUD>3526</CO_MACSAUD>
</Linha>
<Linha>
  <CO_REGSAUD>35173</CO_REGSAUD>
  <CO_MACSAUD>3526</CO_MACSAUD>
</Linha>
<Linha>
  <CO_REGSAUD>35174</CO_REGSAUD>
  <CO_MACSAUD>3526</CO_MACSAUD>
</Linha>
<Linha>
  <CO_REGSAUD>41001</CO_REGSAUD>
  <CO_MACSAUD>4107</CO_MACSAUD>
</Linha>
<Linha>
  <CO_REGSAUD>41002</CO_REGSAUD>
  <CO_MACSAUD>4107</CO_MACSAUD>
</Linha>
<Linha>
  <CO_REGSAUD>41003</CO_REGSAUD>
  <CO_MACSAUD>4107</CO_MACSAUD>
</Linha>
<Linha>
  <CO_REGSAUD>41004</CO_REGSAUD>
  <CO_MACSAUD>4107</CO_MACSAUD>
</Linha>
<Linha>
  <CO_REGSAUD>41005</CO_REGSAUD>
  <CO_MACSAUD>4107</CO_MACSAUD>
</Linha>
<Linha>
  <CO_REGSAUD>41006</CO_REGSAUD>
  <CO_MACSAUD>4107</CO_MACSAUD>
</Linha>
<Linha>
  <CO_REGSAUD>41007</CO_REGSAUD>
  <CO_MACSAUD>4108</CO_MACSAUD>
</Linha>
<Linha>
  <CO_REGSAUD>41008</CO_REGSAUD>
  <CO_MACSAUD>4108</CO_MACSAUD>
</Linha>
<Linha>
  <CO_REGSAUD>41009</CO_REGSAUD>
  <CO_MACSAUD>4108</CO_MACSAUD>
</Linha>
<Linha>
  <CO_REGSAUD>41010</CO_REGSAUD>
  <CO_MACSAUD>4108</CO_MACSAUD>
</Linha>
<Linha>
  <CO_REGSAUD>41011</CO_REGSAUD>
  <CO_MACSAUD>4106</CO_MACSAUD>
</Linha>
<Linha>
  <CO_REGSAUD>41012</CO_REGSAUD>
  <CO_MACSAUD>4106</CO_MACSAUD>
</Linha>
<Linha>
  <CO_REGSAUD>41013</CO_REGSAUD>
  <CO_MACSAUD>4106</CO_MACSAUD>
</Linha>
<Linha>
  <CO_REGSAUD>41014</CO_REGSAUD>
  <CO_MACSAUD>4106</CO_MACSAUD>
</Linha>
<Linha>
  <CO_REGSAUD>41015</CO_REGSAUD>
  <CO_MACSAUD>4106</CO_MACSAUD>
</Linha>
<Linha>
  <CO_REGSAUD>41016</CO_REGSAUD>
  <CO_MACSAUD>4105</CO_MACSAUD>
</Linha>
<Linha>
  <CO_REGSAUD>41017</CO_REGSAUD>
  <CO_MACSAUD>4105</CO_MACSAUD>
</Linha>
<Linha>
  <CO_REGSAUD>41018</CO_REGSAUD>
  <CO_MACSAUD>4105</CO_MACSAUD>
</Linha>
<Linha>
  <CO_REGSAUD>41019</CO_REGSAUD>
  <CO_MACSAUD>4105</CO_MACSAUD>
</Linha>
<Linha>
  <CO_REGSAUD>41020</CO_REGSAUD>
  <CO_MACSAUD>4108</CO_MACSAUD>
</Linha>
<Linha>
  <CO_REGSAUD>41021</CO_REGSAUD>
  <CO_MACSAUD>4107</CO_MACSAUD>
</Linha>
<Linha>
  <CO_REGSAUD>41022</CO_REGSAUD>
  <CO_MACSAUD>4105</CO_MACSAUD>
</Linha>
<Linha>
  <CO_REGSAUD>42001</CO_REGSAUD>
  <CO_MACSAUD>4213</CO_MACSAUD>
</Linha>
<Linha>
  <CO_REGSAUD>42002</CO_REGSAUD>
  <CO_MACSAUD>4213</CO_MACSAUD>
</Linha>
<Linha>
  <CO_REGSAUD>42003</CO_REGSAUD>
  <CO_MACSAUD>4213</CO_MACSAUD>
</Linha>
<Linha>
  <CO_REGSAUD>42004</CO_REGSAUD>
  <CO_MACSAUD>4216</CO_MACSAUD>
</Linha>
<Linha>
  <CO_REGSAUD>42005</CO_REGSAUD>
  <CO_MACSAUD>4215</CO_MACSAUD>
</Linha>
<Linha>
  <CO_REGSAUD>42006</CO_REGSAUD>
  <CO_MACSAUD>4216</CO_MACSAUD>
</Linha>
<Linha>
  <CO_REGSAUD>42007</CO_REGSAUD>
  <CO_MACSAUD>4214</CO_MACSAUD>
</Linha>
<Linha>
  <CO_REGSAUD>42008</CO_REGSAUD>
  <CO_MACSAUD>4212</CO_MACSAUD>
</Linha>
<Linha>
  <CO_REGSAUD>42009</CO_REGSAUD>
  <CO_MACSAUD>4212</CO_MACSAUD>
</Linha>
<Linha>
  <CO_REGSAUD>42010</CO_REGSAUD>
  <CO_MACSAUD>4212</CO_MACSAUD>
</Linha>
<Linha>
  <CO_REGSAUD>42011</CO_REGSAUD>
  <CO_MACSAUD>4211</CO_MACSAUD>
</Linha>
<Linha>
  <CO_REGSAUD>42012</CO_REGSAUD>
  <CO_MACSAUD>4211</CO_MACSAUD>
</Linha>
<Linha>
  <CO_REGSAUD>42013</CO_REGSAUD>
  <CO_MACSAUD>4212</CO_MACSAUD>
</Linha>
<Linha>
  <CO_REGSAUD>42014</CO_REGSAUD>
  <CO_MACSAUD>4210</CO_MACSAUD>
</Linha>
<Linha>
  <CO_REGSAUD>42015</CO_REGSAUD>
  <CO_MACSAUD>4210</CO_MACSAUD>
</Linha>
<Linha>
  <CO_REGSAUD>42016</CO_REGSAUD>
  <CO_MACSAUD>4210</CO_MACSAUD>
</Linha>
<Linha>
  <CO_REGSAUD>43001</CO_REGSAUD>
  <CO_MACSAUD>4314</CO_MACSAUD>
</Linha>
<Linha>
  <CO_REGSAUD>43002</CO_REGSAUD>
  <CO_MACSAUD>4314</CO_MACSAUD>
</Linha>
<Linha>
  <CO_REGSAUD>43003</CO_REGSAUD>
  <CO_MACSAUD>4314</CO_MACSAUD>
</Linha>
<Linha>
  <CO_REGSAUD>43004</CO_REGSAUD>
  <CO_MACSAUD>4313</CO_MACSAUD>
</Linha>
<Linha>
  <CO_REGSAUD>43005</CO_REGSAUD>
  <CO_MACSAUD>4313</CO_MACSAUD>
</Linha>
<Linha>
  <CO_REGSAUD>43006</CO_REGSAUD>
  <CO_MACSAUD>4313</CO_MACSAUD>
</Linha>
<Linha>
  <CO_REGSAUD>43007</CO_REGSAUD>
  <CO_MACSAUD>4313</CO_MACSAUD>
</Linha>
<Linha>
  <CO_REGSAUD>43008</CO_REGSAUD>
  <CO_MACSAUD>4313</CO_MACSAUD>
</Linha>
<Linha>
  <CO_REGSAUD>43009</CO_REGSAUD>
  <CO_MACSAUD>4313</CO_MACSAUD>
</Linha>
<Linha>
  <CO_REGSAUD>43010</CO_REGSAUD>
  <CO_MACSAUD>4313</CO_MACSAUD>
</Linha>
<Linha>
  <CO_REGSAUD>43011</CO_REGSAUD>
  <CO_MACSAUD>4312</CO_MACSAUD>
</Linha>
<Linha>
  <CO_REGSAUD>43012</CO_REGSAUD>
  <CO_MACSAUD>4312</CO_MACSAUD>
</Linha>
<Linha>
  <CO_REGSAUD>43013</CO_REGSAUD>
  <CO_MACSAUD>4312</CO_MACSAUD>
</Linha>
<Linha>
  <CO_REGSAUD>43014</CO_REGSAUD>
  <CO_MACSAUD>4312</CO_MACSAUD>
</Linha>
<Linha>
  <CO_REGSAUD>43015</CO_REGSAUD>
  <CO_MACSAUD>4311</CO_MACSAUD>
</Linha>
<Linha>
  <CO_REGSAUD>43016</CO_REGSAUD>
  <CO_MACSAUD>4311</CO_MACSAUD>
</Linha>
<Linha>
  <CO_REGSAUD>43017</CO_REGSAUD>
  <CO_MACSAUD>4311</CO_MACSAUD>
</Linha>
<Linha>
  <CO_REGSAUD>43018</CO_REGSAUD>
  <CO_MACSAUD>4311</CO_MACSAUD>
</Linha>
<Linha>
  <CO_REGSAUD>43019</CO_REGSAUD>
  <CO_MACSAUD>4311</CO_MACSAUD>
</Linha>
<Linha>
  <CO_REGSAUD>43020</CO_REGSAUD>
  <CO_MACSAUD>4311</CO_MACSAUD>
</Linha>
<Linha>
  <CO_REGSAUD>43021</CO_REGSAUD>
  <CO_MACSAUD>4309</CO_MACSAUD>
</Linha>
<Linha>
  <CO_REGSAUD>43022</CO_REGSAUD>
  <CO_MACSAUD>4309</CO_MACSAUD>
</Linha>
<Linha>
  <CO_REGSAUD>43023</CO_REGSAUD>
  <CO_MACSAUD>4310</CO_MACSAUD>
</Linha>
<Linha>
  <CO_REGSAUD>43024</CO_REGSAUD>
  <CO_MACSAUD>4310</CO_MACSAUD>
</Linha>
<Linha>
  <CO_REGSAUD>43025</CO_REGSAUD>
  <CO_MACSAUD>4310</CO_MACSAUD>
</Linha>
<Linha>
  <CO_REGSAUD>43025</CO_REGSAUD>
  <CO_MACSAUD>4305</CO_MACSAUD>
</Linha>
<Linha>
  <CO_REGSAUD>43026</CO_REGSAUD>
  <CO_MACSAUD>4310</CO_MACSAUD>
</Linha>
<Linha>
  <CO_REGSAUD>43027</CO_REGSAUD>
  <CO_MACSAUD>4308</CO_MACSAUD>
</Linha>
<Linha>
  <CO_REGSAUD>43028</CO_REGSAUD>
  <CO_MACSAUD>4308</CO_MACSAUD>
</Linha>
<Linha>
  <CO_REGSAUD>43029</CO_REGSAUD>
  <CO_MACSAUD>4308</CO_MACSAUD>
</Linha>
<Linha>
  <CO_REGSAUD>43030</CO_REGSAUD>
  <CO_MACSAUD>4308</CO_MACSAUD>
</Linha>
<Linha>
  <CO_REGSAUD>50001</CO_REGSAUD>
  <CO_MACSAUD>5008</CO_MACSAUD>
</Linha>
<Linha>
  <CO_REGSAUD>50002</CO_REGSAUD>
  <CO_MACSAUD>5007</CO_MACSAUD>
</Linha>
<Linha>
  <CO_REGSAUD>50003</CO_REGSAUD>
  <CO_MACSAUD>5006</CO_MACSAUD>
</Linha>
<Linha>
  <CO_REGSAUD>50004</CO_REGSAUD>
  <CO_MACSAUD>5005</CO_MACSAUD>
</Linha>
<Linha>
  <CO_REGSAUD>51001</CO_REGSAUD>
  <CO_MACSAUD>5103</CO_MACSAUD>
</Linha>
<Linha>
  <CO_REGSAUD>51002</CO_REGSAUD>
  <CO_MACSAUD>5105</CO_MACSAUD>
</Linha>
<Linha>
  <CO_REGSAUD>51003</CO_REGSAUD>
  <CO_MACSAUD>5104</CO_MACSAUD>
</Linha>
<Linha>
  <CO_REGSAUD>51004</CO_REGSAUD>
  <CO_MACSAUD>5105</CO_MACSAUD>
</Linha>
<Linha>
  <CO_REGSAUD>51005</CO_REGSAUD>
  <CO_MACSAUD>5104</CO_MACSAUD>
</Linha>
<Linha>
  <CO_REGSAUD>51006</CO_REGSAUD>
  <CO_MACSAUD>5104</CO_MACSAUD>
</Linha>
<Linha>
  <CO_REGSAUD>51007</CO_REGSAUD>
  <CO_MACSAUD>5105</CO_MACSAUD>
</Linha>
<Linha>
  <CO_REGSAUD>51008</CO_REGSAUD>
  <CO_MACSAUD>5105</CO_MACSAUD>
</Linha>
<Linha>
  <CO_REGSAUD>51009</CO_REGSAUD>
  <CO_MACSAUD>5104</CO_MACSAUD>
</Linha>
<Linha>
  <CO_REGSAUD>51010</CO_REGSAUD>
  <CO_MACSAUD>5103</CO_MACSAUD>
</Linha>
<Linha>
  <CO_REGSAUD>51011</CO_REGSAUD>
  <CO_MACSAUD>5102</CO_MACSAUD>
</Linha>
<Linha>
  <CO_REGSAUD>51012</CO_REGSAUD>
  <CO_MACSAUD>5102</CO_MACSAUD>
</Linha>
<Linha>
  <CO_REGSAUD>51013</CO_REGSAUD>
  <CO_MACSAUD>5101</CO_MACSAUD>
</Linha>
<Linha>
  <CO_REGSAUD>51014</CO_REGSAUD>
  <CO_MACSAUD>5103</CO_MACSAUD>
</Linha>
<Linha>
  <CO_REGSAUD>51015</CO_REGSAUD>
  <CO_MACSAUD>5103</CO_MACSAUD>
</Linha>
<Linha>
  <CO_REGSAUD>51016</CO_REGSAUD>
  <CO_MACSAUD>5103</CO_MACSAUD>
</Linha>
<Linha>
  <CO_REGSAUD>52001</CO_REGSAUD>
  <CO_MACSAUD>5208</CO_MACSAUD>
</Linha>
<Linha>
  <CO_REGSAUD>52002</CO_REGSAUD>
  <CO_MACSAUD>5210</CO_MACSAUD>
</Linha>
<Linha>
  <CO_REGSAUD>52003</CO_REGSAUD>
  <CO_MACSAUD>5207</CO_MACSAUD>
</Linha>
<Linha>
  <CO_REGSAUD>52004</CO_REGSAUD>
  <CO_MACSAUD>5207</CO_MACSAUD>
</Linha>
<Linha>
  <CO_REGSAUD>52005</CO_REGSAUD>
  <CO_MACSAUD>5210</CO_MACSAUD>
</Linha>
<Linha>
  <CO_REGSAUD>52006</CO_REGSAUD>
  <CO_MACSAUD>5207</CO_MACSAUD>
</Linha>
<Linha>
  <CO_REGSAUD>52007</CO_REGSAUD>
  <CO_MACSAUD>5207</CO_MACSAUD>
</Linha>
<Linha>
  <CO_REGSAUD>52008</CO_REGSAUD>
  <CO_MACSAUD>5209</CO_MACSAUD>
</Linha>
<Linha>
  <CO_REGSAUD>52009</CO_REGSAUD>
  <CO_MACSAUD>5208</CO_MACSAUD>
</Linha>
<Linha>
  <CO_REGSAUD>52010</CO_REGSAUD>
  <CO_MACSAUD>5208</CO_MACSAUD>
</Linha>
<Linha>
  <CO_REGSAUD>52011</CO_REGSAUD>
  <CO_MACSAUD>5209</CO_MACSAUD>
</Linha>
<Linha>
  <CO_REGSAUD>52012</CO_REGSAUD>
  <CO_MACSAUD>5208</CO_MACSAUD>
</Linha>
<Linha>
  <CO_REGSAUD>52013</CO_REGSAUD>
  <CO_MACSAUD>5209</CO_MACSAUD>
</Linha>
<Linha>
  <CO_REGSAUD>52014</CO_REGSAUD>
  <CO_MACSAUD>5209</CO_MACSAUD>
</Linha>
<Linha>
  <CO_REGSAUD>52015</CO_REGSAUD>
  <CO_MACSAUD>5206</CO_MACSAUD>
</Linha>
<Linha>
  <CO_REGSAUD>52016</CO_REGSAUD>
  <CO_MACSAUD>5206</CO_MACSAUD>
</Linha>
<Linha>
  <CO_REGSAUD>52017</CO_REGSAUD>
  <CO_MACSAUD>5210</CO_MACSAUD>
</Linha>
<Linha>
  <CO_REGSAUD>52018</CO_REGSAUD>
  <CO_MACSAUD>5209</CO_MACSAUD>
</Linha>
<Linha>
  <CO_REGSAUD>53001</CO_REGSAUD>
  <CO_MACSAUD>5302</CO_MACSAUD>
</Linha>
</Tabela>
